,peptide,mutations,similarity,y_pred,y_prob
84,CAGQCFMRF,2,0.7777777777777778,1,0.7391
85,CAGQGFMRF,2,0.7777777777777778,1,0.8881
86,CAGQLFMRF,2,0.7777777777777778,1,0.8212
87,CAGQRFMRF,2,0.7777777777777778,1,0.9801
92,RAGQCFMRF,2,0.7777777777777778,1,0.9696
93,RAGQGFMRF,2,0.7777777777777778,1,0.8524
94,RAGQLFMRF,2,0.7777777777777778,1,0.7415
95,RAGQRFMRF,2,0.7777777777777778,1,0.9252
292,AACQCFMRF,2,0.7777777777777778,1,0.6692
293,AACQGFMRF,2,0.7777777777777778,1,0.7979
294,AACQLFMRF,2,0.7777777777777778,1,0.7884
295,AACQRFMRF,2,0.7777777777777778,1,0.9377
454,AAGQCLMRF,2,0.7777777777777778,1,0.8962
456,AAGQGCMRF,2,0.7777777777777778,1,0.5397
458,AAGQGLMRF,2,0.7777777777777778,1,0.6414
459,AAGQGKMRF,2,0.7777777777777778,1,0.5322
464,AAGQRCMRF,2,0.7777777777777778,1,0.7536
466,AAGQRLMRF,2,0.7777777777777778,1,0.8166
467,AAGQRKMRF,2,0.7777777777777778,1,0.7261
468,AAGQCFCRF,2,0.7777777777777778,1,0.5151
469,AAGQCFKRF,2,0.7777777777777778,1,0.8888
470,AAGQCFGRF,2,0.7777777777777778,1,0.6324
471,AAGQCFLRF,2,0.7777777777777778,1,0.7994
472,AAGQGFCRF,2,0.7777777777777778,1,0.6872
473,AAGQGFKRF,2,0.7777777777777778,1,0.9458
476,AAGQLFCRF,2,0.7777777777777778,1,0.5779
477,AAGQLFKRF,2,0.7777777777777778,1,0.9154
480,AAGQRFCRF,2,0.7777777777777778,1,0.8885
481,AAGQRFKRF,2,0.7777777777777778,1,0.9802
482,AAGQRFGRF,2,0.7777777777777778,1,0.5932
483,AAGQRFLRF,2,0.7777777777777778,1,0.727
500,AAGQCFMRC,2,0.7777777777777778,1,0.7437
502,AAGQCFMRK,2,0.7777777777777778,1,0.8107
503,AAGQCFMRG,2,0.7777777777777778,1,0.642
504,AAGQGFMRC,2,0.7777777777777778,1,0.9131
506,AAGQGFMRK,2,0.7777777777777778,1,0.9005
508,AAGQLFMRC,2,0.7777777777777778,1,0.8849
510,AAGQLFMRK,2,0.7777777777777778,1,0.8553
512,AAGQRFMRC,2,0.7777777777777778,1,0.9603
514,AAGQRFMRK,2,0.7777777777777778,1,0.9534
