,peptide,mutations,similarity,y_pred,y_prob
68,CGQCGFMRF,2,0.7777777777777778,1,0.8308
69,CGQRGFMRF,2,0.7777777777777778,1,0.9763
70,CGQLGFMRF,2,0.7777777777777778,1,0.9563
71,CGQKGFMRF,2,0.7777777777777778,1,0.8805
72,GGQCGFMRF,2,0.7777777777777778,1,0.614
75,GGQKGFMRF,2,0.7777777777777778,1,0.7912
76,RGQCGFMRF,2,0.7777777777777778,1,0.9978
77,RGQRGFMRF,2,0.7777777777777778,1,0.9668
78,RGQLGFMRF,2,0.7777777777777778,1,0.979
79,RGQKGFMRF,2,0.7777777777777778,1,0.9942
80,LGQCGFMRF,2,0.7777777777777778,1,0.8403
83,LGQKGFMRF,2,0.7777777777777778,1,0.8072
125,RGQDGFKRF,2,0.7777777777777778,1,0.6821
158,RGQDGFMRK,2,0.7777777777777778,1,0.639
184,ARQCGFMRF,2,0.7777777777777778,1,0.7325
390,AGQCGLMRF,2,0.7777777777777778,1,0.8443
402,AGQKGLMRF,2,0.7777777777777778,1,0.8396
405,AGQCGFKRF,2,0.7777777777777778,1,0.8366
407,AGQCGFLRF,2,0.7777777777777778,1,0.6227
409,AGQRGFKRF,2,0.7777777777777778,1,0.8539
413,AGQLGFKRF,2,0.7777777777777778,1,0.9317
417,AGQKGFKRF,2,0.7777777777777778,1,0.9147
419,AGQKGFLRF,2,0.7777777777777778,1,0.703
438,AGQCGFMRK,2,0.7777777777777778,1,0.7757
440,AGQRGFMRC,2,0.7777777777777778,1,0.5915
442,AGQRGFMRK,2,0.7777777777777778,1,0.7609
444,AGQLGFMRC,2,0.7777777777777778,1,0.7973
446,AGQLGFMRK,2,0.7777777777777778,1,0.8881
448,AGQKGFMRC,2,0.7777777777777778,1,0.5411
450,AGQKGFMRK,2,0.7777777777777778,1,0.7603
451,AGQKGFMRG,2,0.7777777777777778,1,0.5126
