,peptide,mutations,similarity,y_pred,y_prob
29,CRPMLRL,2,0.7142857142857143,1,0.9567
30,CKPMLRL,2,0.7142857142857143,1,0.5791
31,CLPMLRL,2,0.7142857142857143,1,0.8002
36,RCPMLRL,2,0.7142857142857143,1,0.5062
37,RRPMLRL,2,0.7142857142857143,1,0.5915
38,RKPMLRL,2,0.7142857142857143,1,0.6779
44,CMCMLRL,2,0.7142857142857143,1,0.9774
45,CMGMLRL,2,0.7142857142857143,1,0.8797
46,CMLMLRL,2,0.7142857142857143,1,0.809
47,CMVMLRL,2,0.7142857142857143,1,0.5685
48,GMCMLRL,2,0.7142857142857143,1,0.8486
52,RMCMLRL,2,0.7142857142857143,1,0.9864
56,LMCMLRL,2,0.7142857142857143,1,0.7686
60,CMPCLRL,2,0.7142857142857143,1,0.8895
61,CMPRLRL,2,0.7142857142857143,1,0.9556
62,CMPLLRL,2,0.7142857142857143,1,0.9561
63,CMPKLRL,2,0.7142857142857143,1,0.9762
64,GMPCLRL,2,0.7142857142857143,1,0.5009
67,GMPKLRL,2,0.7142857142857143,1,0.7567
68,RMPCLRL,2,0.7142857142857143,1,0.9911
70,RMPLLRL,2,0.7142857142857143,1,0.5828
71,RMPKLRL,2,0.7142857142857143,1,0.9768
72,LMPCLRL,2,0.7142857142857143,1,0.8929
75,LMPKLRL,2,0.7142857142857143,1,0.7317
79,CMPMRRL,2,0.7142857142857143,1,0.5886
84,RMPMCRL,2,0.7142857142857143,1,0.5004
109,CMPMLRK,2,0.7142857142857143,1,0.7656
117,RMPMLRK,2,0.7142857142857143,1,0.7219
128,ARCMLRL,2,0.7142857142857143,1,0.9756
132,AKCMLRL,2,0.7142857142857143,1,0.9799
133,AKGMLRL,2,0.7142857142857143,1,0.5656
134,AKLMLRL,2,0.7142857142857143,1,0.7027
136,ALCMLRL,2,0.7142857142857143,1,0.9646
147,ARPKLRL,2,0.7142857142857143,1,0.6986
204,AMCCLRL,2,0.7142857142857143,1,0.997
205,AMCRLRL,2,0.7142857142857143,1,0.975
206,AMCLLRL,2,0.7142857142857143,1,0.9881
207,AMCKLRL,2,0.7142857142857143,1,0.9981
208,AMGCLRL,2,0.7142857142857143,1,0.9594
211,AMGKLRL,2,0.7142857142857143,1,0.9302
212,AMLCLRL,2,0.7142857142857143,1,0.9335
215,AMLKLRL,2,0.7142857142857143,1,0.8593
216,AMVCLRL,2,0.7142857142857143,1,0.6738
219,AMVKLRL,2,0.7142857142857143,1,0.6051
220,AMCMCRL,2,0.7142857142857143,1,0.6959
221,AMCMGRL,2,0.7142857142857143,1,0.5518
223,AMCMRRL,2,0.7142857142857143,1,0.5096
239,AMCMLKL,2,0.7142857142857143,1,0.7374
253,AMCMLRK,2,0.7142857142857143,1,0.9184
