,peptide,mutations,similarity,y_pred,y_prob
1441,CRPGFTPFRIK,3,0.7272727272727273,1,0.6654
1473,RRPGFTPFRIK,3,0.7272727272727273,1,0.9554
1481,RLPGFTPFRIK,3,0.7272727272727273,1,0.8784
1489,LRPGFTPFRIK,3,0.7272727272727273,1,0.7568
1547,RPVKFTPFRID,3,0.7272727272727273,1,0.7616
1737,RPVGFTKFRID,3,0.7272727272727273,1,0.8054
1931,RPVGFTPFRKD,3,0.7272727272727273,1,0.5235
1981,RPCGFTPFRIK,3,0.7272727272727273,1,0.8798
1989,RPLGFTPFRIK,3,0.7272727272727273,1,0.7901
1993,RPVGFTPFRIK,3,0.7272727272727273,1,0.981
2009,LPVGFTPFRIK,3,0.7272727272727273,1,0.6749
2405,CPPLFTPFRIK,3,0.7272727272727273,1,0.5959
2429,RPPCFTPFRIK,3,0.7272727272727273,1,0.9031
2433,RPPRFTPFRIK,3,0.7272727272727273,1,0.758
2437,RPPLFTPFRIK,3,0.7272727272727273,1,0.9565
2440,RPPKFTPFRIC,3,0.7272727272727273,1,0.8166
2441,RPPKFTPFRIK,3,0.7272727272727273,1,0.6988
2453,LPPLFTPFRIK,3,0.7272727272727273,1,0.5196
2821,RPPGLTPFRIK,3,0.7272727272727273,1,0.8936
2885,RPPGFLKFRID,3,0.7272727272727273,1,0.5672
3140,RPPGFLPFRIC,3,0.7272727272727273,1,0.8823
3141,RPPGFLPFRIK,3,0.7272727272727273,1,0.9648
3157,LPPGFLPFRIK,3,0.7272727272727273,1,0.5961
3389,RPPGFTCFRIK,3,0.7272727272727273,1,0.5574
3392,RPPGFTKFRIC,3,0.7272727272727273,1,0.9101
3393,RPPGFTKFRIK,3,0.7272727272727273,1,0.9114
3397,RPPGFTGFRIK,3,0.7272727272727273,1,0.5892
3401,RPPGFTLFRIK,3,0.7272727272727273,1,0.9333
3417,LPPGFTLFRIK,3,0.7272727272727273,1,0.547
3585,RPPGFTPGRIK,3,0.7272727272727273,1,0.5174
3589,RPPGFTPLRIK,3,0.7272727272727273,1,0.7668
3773,RPPGFTPFRCK,3,0.7272727272727273,1,0.5765
3784,RPPGFTPFRKC,3,0.7272727272727273,1,0.7244
4025,ARVGFTKFRID,3,0.7272727272727273,1,0.7797
4041,AKVGFTKFRID,3,0.7272727272727273,1,0.7879
4281,ARVGFTPFRIK,3,0.7272727272727273,1,0.5635
