,peptide,mutations,similarity,y_pred,y_prob
1123,CRSSMKFMGMR,3,0.7272727272727273,1,0.5081
1185,CRSSMGKMGMR,3,0.7272727272727273,1,0.9742
1189,CKSSMGKMGMR,3,0.7272727272727273,1,0.6714
1193,CLSSMGKMGMR,3,0.7272727272727273,1,0.9383
1217,RRSSMGKMGMR,3,0.7272727272727273,1,0.8544
1225,RLSSMGKMGMR,3,0.7272727272727273,1,0.6989
1251,CRSSMGFKGMR,3,0.7272727272727273,1,0.521
1379,CRSSMGFMGKR,3,0.7272727272727273,1,0.9919
1383,CKSSMGFMGKR,3,0.7272727272727273,1,0.6843
1387,CLSSMGFMGKR,3,0.7272727272727273,1,0.9735
1411,RRSSMGFMGKR,3,0.7272727272727273,1,0.9725
1412,RKSSMGFMGCR,3,0.7272727272727273,1,0.5376
1415,RKSSMGFMGKR,3,0.7272727272727273,1,0.653
1419,RLSSMGFMGKR,3,0.7272727272727273,1,0.9187
1427,LRSSMGFMGKR,3,0.7272727272727273,1,0.8301
1435,LLSSMGFMGKR,3,0.7272727272727273,1,0.6119
3047,CPSSMLFMGKR,3,0.7272727272727273,1,0.5511
5047,ARSSLGFMGKR,3,0.7272727272727273,1,0.7967
5079,ALSSLGFMGKR,3,0.7272727272727273,1,0.564
5367,ARSSMLFMGKR,3,0.7272727272727273,1,0.8062
5383,AKSSMLFMGKR,3,0.7272727272727273,1,0.5428
5399,ALSSMLFMGKR,3,0.7272727272727273,1,0.6343
5615,ARSSMGCMGKR,3,0.7272727272727273,1,0.7843
5616,ARSSMGKMGCR,3,0.7272727272727273,1,0.9094
5619,ARSSMGKMGKR,3,0.7272727272727273,1,0.9764
5623,ARSSMGGMGKR,3,0.7272727272727273,1,0.6511
5627,ARSSMGLMGKR,3,0.7272727272727273,1,0.9161
5632,AKSSMGKMGCR,3,0.7272727272727273,1,0.8802
5635,AKSSMGKMGKR,3,0.7272727272727273,1,0.8765
5640,AKSSMGLMGCR,3,0.7272727272727273,1,0.5339
5643,AKSSMGLMGKR,3,0.7272727272727273,1,0.6977
5647,ALSSMGCMGKR,3,0.7272727272727273,1,0.7145
5648,ALSSMGKMGCR,3,0.7272727272727273,1,0.8898
5651,ALSSMGKMGKR,3,0.7272727272727273,1,0.9575
5659,ALSSMGLMGKR,3,0.7272727272727273,1,0.8351
5815,ARSSMGFLGKR,3,0.7272727272727273,1,0.614
5819,ARSSMGFKGKR,3,0.7272727272727273,1,0.5753
