,peptide,mutations,similarity,y_pred,y_prob
38,CKTAFYGVR,2,0.7777777777777778,1,0.7276
46,RKTAFYGVR,2,0.7777777777777778,1,0.8806
79,RPTKFYGVR,2,0.7777777777777778,1,0.5681
125,RPTAFYKVR,2,0.7777777777777778,1,0.8138
168,ARCAFYGVR,2,0.7777777777777778,1,0.945
171,ARVAFYGVR,2,0.7777777777777778,1,0.7055
172,AKCAFYGVR,2,0.7777777777777778,1,0.7494
175,AKVAFYGVR,2,0.7777777777777778,1,0.8592
176,ALCAFYGVR,2,0.7777777777777778,1,0.7257
204,AKTACYGVR,2,0.7777777777777778,1,0.5989
206,AKTALYGVR,2,0.7777777777777778,1,0.6298
207,AKTARYGVR,2,0.7777777777777778,1,0.7763
233,ARTAFYKVR,2,0.7777777777777778,1,0.9111
237,AKTAFYKVR,2,0.7777777777777778,1,0.8628
241,ALTAFYKVR,2,0.7777777777777778,1,0.6879
