,peptide,mutations,similarity,y_pred,y_prob
52,CQCSMRLRF,2,0.7777777777777778,1,0.7317
54,CQLSMRLRF,2,0.7777777777777778,1,0.5672
60,RQCSMRLRF,2,0.7777777777777778,1,0.8897
70,CQPLMRLRF,2,0.7777777777777778,1,0.5625
71,CQPKMRLRF,2,0.7777777777777778,1,0.5955
76,RQPCMRLRF,2,0.7777777777777778,1,0.8648
79,RQPKMRLRF,2,0.7777777777777778,1,0.8266
150,CQPSMRLRK,2,0.7777777777777778,1,0.9686
154,GQPSMRLRK,2,0.7777777777777778,1,0.6578
156,RQPSMRLRC,2,0.7777777777777778,1,0.5322
158,RQPSMRLRK,2,0.7777777777777778,1,0.9706
162,LQPSMRLRK,2,0.7777777777777778,1,0.6801
276,AQCCMRLRF,2,0.7777777777777778,1,0.895
277,AQCRMRLRF,2,0.7777777777777778,1,0.8742
278,AQCLMRLRF,2,0.7777777777777778,1,0.9398
279,AQCKMRLRF,2,0.7777777777777778,1,0.9511
280,AQGCMRLRF,2,0.7777777777777778,1,0.5058
284,AQLCMRLRF,2,0.7777777777777778,1,0.648
287,AQLKMRLRF,2,0.7777777777777778,1,0.5445
325,AQCSMRKRF,2,0.7777777777777778,1,0.5416
356,AQCSMRLRC,2,0.7777777777777778,1,0.6844
357,AQCSMRLRL,2,0.7777777777777778,1,0.5547
358,AQCSMRLRK,2,0.7777777777777778,1,0.9978
359,AQCSMRLRG,2,0.7777777777777778,1,0.6674
362,AQGSMRLRK,2,0.7777777777777778,1,0.906
366,AQLSMRLRK,2,0.7777777777777778,1,0.9356
370,AQVSMRLRK,2,0.7777777777777778,1,0.9038
510,AQPSLRLRK,2,0.7777777777777778,1,0.59
