,peptide,mutations,similarity,y_pred,y_prob
60,RRCDNFVRL,2,0.7777777777777778,1,0.8234
63,RRVDNFVRL,2,0.7777777777777778,1,0.7836
68,CRTCNFVRL,2,0.7777777777777778,1,0.9919
69,CRTRNFVRL,2,0.7777777777777778,1,0.9956
70,CRTLNFVRL,2,0.7777777777777778,1,0.9963
71,CRTKNFVRL,2,0.7777777777777778,1,0.9995
76,RRTCNFVRL,2,0.7777777777777778,1,0.9968
77,RRTRNFVRL,2,0.7777777777777778,1,0.9929
78,RRTLNFVRL,2,0.7777777777777778,1,0.9963
79,RRTKNFVRL,2,0.7777777777777778,1,0.9994
80,LRTCNFVRL,2,0.7777777777777778,1,0.9597
81,LRTRNFVRL,2,0.7777777777777778,1,0.9377
82,LRTLNFVRL,2,0.7777777777777778,1,0.9574
83,LRTKNFVRL,2,0.7777777777777778,1,0.9919
102,CRTDNLVRL,2,0.7777777777777778,1,0.8663
103,CRTDNKVRL,2,0.7777777777777778,1,0.8659
108,RRTDNCVRL,2,0.7777777777777778,1,0.5835
110,RRTDNLVRL,2,0.7777777777777778,1,0.9207
111,RRTDNKVRL,2,0.7777777777777778,1,0.9672
115,LRTDNKVRL,2,0.7777777777777778,1,0.5682
158,RRTDNFVRK,2,0.7777777777777778,1,0.7655
278,ARCLNFVRL,2,0.7777777777777778,1,0.5424
279,ARCKNFVRL,2,0.7777777777777778,1,0.9779
287,ARLKNFVRL,2,0.7777777777777778,1,0.8177
291,ARVKNFVRL,2,0.7777777777777778,1,0.9458
311,ARCDNKVRL,2,0.7777777777777778,1,0.5466
323,ARVDNKVRL,2,0.7777777777777778,1,0.5573
384,ARTKCFVRL,2,0.7777777777777778,1,0.9393
385,ARTKGFVRL,2,0.7777777777777778,1,0.6152
386,ARTKLFVRL,2,0.7777777777777778,1,0.9601
387,ARTKRFVRL,2,0.7777777777777778,1,0.973
388,ARTCNCVRL,2,0.7777777777777778,1,0.513
390,ARTCNLVRL,2,0.7777777777777778,1,0.9134
391,ARTCNKVRL,2,0.7777777777777778,1,0.9818
394,ARTRNLVRL,2,0.7777777777777778,1,0.7764
395,ARTRNKVRL,2,0.7777777777777778,1,0.9313
396,ARTLNCVRL,2,0.7777777777777778,1,0.5599
398,ARTLNLVRL,2,0.7777777777777778,1,0.8888
399,ARTLNKVRL,2,0.7777777777777778,1,0.9742
400,ARTKNCVRL,2,0.7777777777777778,1,0.9365
402,ARTKNLVRL,2,0.7777777777777778,1,0.9919
403,ARTKNKVRL,2,0.7777777777777778,1,0.9851
423,ARTCNFVKL,2,0.7777777777777778,1,0.5826
431,ARTLNFVKL,2,0.7777777777777778,1,0.6208
434,ARTKNFVLL,2,0.7777777777777778,1,0.7335
435,ARTKNFVKL,2,0.7777777777777778,1,0.7962
438,ARTCNFVRK,2,0.7777777777777778,1,0.8639
442,ARTRNFVRK,2,0.7777777777777778,1,0.7291
446,ARTLNFVRK,2,0.7777777777777778,1,0.8753
448,ARTKNFVRC,2,0.7777777777777778,1,0.7924
450,ARTKNFVRK,2,0.7777777777777778,1,0.902
467,ARTDRKVRL,2,0.7777777777777778,1,0.5001
558,ARTDNLVRK,2,0.7777777777777778,1,0.522
