,peptide,mutations,similarity,y_pred,y_prob
37,CRLFNAPRV,2,0.7777777777777778,1,0.6629
45,RRLFNAPRV,2,0.7777777777777778,1,0.7246
46,RKLFNAPRV,2,0.7777777777777778,1,0.7907
71,CSLKNAPRV,2,0.7777777777777778,1,0.8016
79,RSLKNAPRV,2,0.7777777777777778,1,0.9428
103,CSLFNKPRV,2,0.7777777777777778,1,0.6531
110,RSLFNLPRV,2,0.7777777777777778,1,0.6907
111,RSLFNKPRV,2,0.7777777777777778,1,0.9317
116,CSLFNACRV,2,0.7777777777777778,1,0.6076
117,CSLFNAKRV,2,0.7777777777777778,1,0.9993
119,CSLFNALRV,2,0.7777777777777778,1,0.9411
124,RSLFNACRV,2,0.7777777777777778,1,0.8139
125,RSLFNAKRV,2,0.7777777777777778,1,0.9995
127,RSLFNALRV,2,0.7777777777777778,1,0.9065
129,LSLFNAKRV,2,0.7777777777777778,1,0.9898
143,RSLFNAPKV,2,0.7777777777777778,1,0.6382
233,ARLFNAKRV,2,0.7777777777777778,1,0.9122
237,AKLFNAKRV,2,0.7777777777777778,1,0.7937
241,ALLFNAKRV,2,0.7777777777777778,1,0.6649
325,ASCFNAKRV,2,0.7777777777777778,1,0.8295
337,ASVFNAKRV,2,0.7777777777777778,1,0.9099
405,ASLCNAKRV,2,0.7777777777777778,1,0.9906
407,ASLCNALRV,2,0.7777777777777778,1,0.5617
409,ASLRNAKRV,2,0.7777777777777778,1,0.9667
413,ASLLNAKRV,2,0.7777777777777778,1,0.9921
415,ASLLNALRV,2,0.7777777777777778,1,0.5567
416,ASLKNACRV,2,0.7777777777777778,1,0.8549
417,ASLKNAKRV,2,0.7777777777777778,1,0.9946
419,ASLKNALRV,2,0.7777777777777778,1,0.9533
469,ASLFCAKRV,2,0.7777777777777778,1,0.9129
477,ASLFLAKRV,2,0.7777777777777778,1,0.9627
481,ASLFRAKRV,2,0.7777777777777778,1,0.9588
525,ASLFNLKRV,2,0.7777777777777778,1,0.8988
529,ASLFNKKRV,2,0.7777777777777778,1,0.8339
568,ASLFNAKCV,2,0.7777777777777778,1,0.5094
570,ASLFNAKLV,2,0.7777777777777778,1,0.7645
571,ASLFNAKKV,2,0.7777777777777778,1,0.8923
