,peptide,mutations,similarity,y_pred,y_prob
221,AYCGGLA,2,0.7142857142857143,1,0.6663
222,AYCGLLA,2,0.7142857142857143,1,0.7178
223,AYCGRLA,2,0.7142857142857143,1,0.9031
