,peptide,mutations,similarity,y_pred,y_prob
233,CRFNNCKVG,2,0.7777777777777778,1,0.9629
235,CRFNNCLVG,2,0.7777777777777778,1,0.5657
266,CRFNNCPVK,2,0.7777777777777778,1,0.6154
409,CYFRNCKVG,2,0.7777777777777778,1,0.6262
