,peptide,mutations,similarity,y_pred,y_prob
125,RYINNCKLG,2,0.7777777777777778,1,0.9335
185,CRIRNCPLG,2,0.7777777777777778,1,0.5665
186,CRILNCPLG,2,0.7777777777777778,1,0.7898
187,CRIKNCPLG,2,0.7777777777777778,1,0.6266
218,CRINNLPLG,2,0.7777777777777778,1,0.8408
219,CRINNKPLG,2,0.7777777777777778,1,0.6252
232,CRINNCCLG,2,0.7777777777777778,1,0.875
233,CRINNCKLG,2,0.7777777777777778,1,0.9981
234,CRINNCGLG,2,0.7777777777777778,1,0.8897
235,CRINNCLLG,2,0.7777777777777778,1,0.988
241,CLINNCKLG,2,0.7777777777777778,1,0.9142
243,CLINNCLLG,2,0.7777777777777778,1,0.6561
409,CYIRNCKLG,2,0.7777777777777778,1,0.9921
411,CYIRNCLLG,2,0.7777777777777778,1,0.7784
413,CYILNCKLG,2,0.7777777777777778,1,0.9578
417,CYIKNCKLG,2,0.7777777777777778,1,0.9092
419,CYIKNCLLG,2,0.7777777777777778,1,0.7884
477,CYINLCKLG,2,0.7777777777777778,1,0.7226
481,CYINRCKLG,2,0.7777777777777778,1,0.9872
483,CYINRCLLG,2,0.7777777777777778,1,0.7036
525,CYINNLKLG,2,0.7777777777777778,1,0.964
529,CYINNKKLG,2,0.7777777777777778,1,0.8282
531,CYINNKLLG,2,0.7777777777777778,1,0.5111
586,CYINNCKLK,2,0.7777777777777778,1,0.6439
