,peptide,mutations,similarity,y_pred,y_prob
45,RRINNCPVG,2,0.7777777777777778,1,0.6895
125,RYINNCKVG,2,0.7777777777777778,1,0.9723
185,CRIRNCPVG,2,0.7777777777777778,1,0.8204
186,CRILNCPVG,2,0.7777777777777778,1,0.8287
187,CRIKNCPVG,2,0.7777777777777778,1,0.8256
203,CRINRCPVG,2,0.7777777777777778,1,0.6822
218,CRINNLPVG,2,0.7777777777777778,1,0.9045
219,CRINNKPVG,2,0.7777777777777778,1,0.8663
232,CRINNCCVG,2,0.7777777777777778,1,0.9721
233,CRINNCKVG,2,0.7777777777777778,1,0.9995
234,CRINNCGVG,2,0.7777777777777778,1,0.963
235,CRINNCLVG,2,0.7777777777777778,1,0.9942
241,CLINNCKVG,2,0.7777777777777778,1,0.9601
243,CLINNCLVG,2,0.7777777777777778,1,0.7518
266,CRINNCPVK,2,0.7777777777777778,1,0.8633
405,CYICNCKVG,2,0.7777777777777778,1,0.5439
408,CYIRNCCVG,2,0.7777777777777778,1,0.5446
409,CYIRNCKVG,2,0.7777777777777778,1,0.9963
411,CYIRNCLVG,2,0.7777777777777778,1,0.8013
413,CYILNCKVG,2,0.7777777777777778,1,0.9457
417,CYIKNCKVG,2,0.7777777777777778,1,0.9078
419,CYIKNCLVG,2,0.7777777777777778,1,0.7902
477,CYINLCKVG,2,0.7777777777777778,1,0.6244
481,CYINRCKVG,2,0.7777777777777778,1,0.9925
483,CYINRCLVG,2,0.7777777777777778,1,0.6931
525,CYINNLKVG,2,0.7777777777777778,1,0.9658
529,CYINNKKVG,2,0.7777777777777778,1,0.8633
531,CYINNKLVG,2,0.7777777777777778,1,0.5924
586,CYINNCKVK,2,0.7777777777777778,1,0.7315
594,CYINNCLVK,2,0.7777777777777778,1,0.5497
