,peptide,mutations,similarity,y_pred,y_prob
25,CYISNCKQG,1,0.8888888888888888,1,0.841
117,CYISNCKQG,2,0.7777777777777778,1,0.841
125,RYISNCKQG,2,0.7777777777777778,1,0.9938
127,RYISNCLQG,2,0.7777777777777778,1,0.5227
129,LYISNCKQG,2,0.7777777777777778,1,0.8307
185,CRIRNCPQG,2,0.7777777777777778,1,0.5585
186,CRILNCPQG,2,0.7777777777777778,1,0.7348
202,CRISLCPQG,2,0.7777777777777778,1,0.6511
203,CRISRCPQG,2,0.7777777777777778,1,0.6049
218,CRISNLPQG,2,0.7777777777777778,1,0.9258
219,CRISNKPQG,2,0.7777777777777778,1,0.7787
232,CRISNCCQG,2,0.7777777777777778,1,0.997
233,CRISNCKQG,2,0.7777777777777778,1,0.9999
234,CRISNCGQG,2,0.7777777777777778,1,0.997
235,CRISNCLQG,2,0.7777777777777778,1,0.9995
237,CKISNCKQG,2,0.7777777777777778,1,0.9295
238,CKISNCGQG,2,0.7777777777777778,1,0.5241
239,CKISNCLQG,2,0.7777777777777778,1,0.9563
240,CLISNCCQG,2,0.7777777777777778,1,0.78
241,CLISNCKQG,2,0.7777777777777778,1,0.9977
242,CLISNCGQG,2,0.7777777777777778,1,0.8789
243,CLISNCLQG,2,0.7777777777777778,1,0.9854
266,CRISNCPQK,2,0.7777777777777778,1,0.6275
337,CYVSNCKQG,2,0.7777777777777778,1,0.8216
409,CYIRNCKQG,2,0.7777777777777778,1,0.9931
411,CYIRNCLQG,2,0.7777777777777778,1,0.7185
413,CYILNCKQG,2,0.7777777777777778,1,0.9005
417,CYIKNCKQG,2,0.7777777777777778,1,0.7556
419,CYIKNCLQG,2,0.7777777777777778,1,0.5853
469,CYISCCKQG,2,0.7777777777777778,1,0.7872
473,CYISGCKQG,2,0.7777777777777778,1,0.959
477,CYISLCKQG,2,0.7777777777777778,1,0.9772
480,CYISRCCQG,2,0.7777777777777778,1,0.8725
481,CYISRCKQG,2,0.7777777777777778,1,0.9994
482,CYISRCGQG,2,0.7777777777777778,1,0.8882
483,CYISRCLQG,2,0.7777777777777778,1,0.9543
517,CYISNCKQG,2,0.7777777777777778,1,0.841
521,CYISNGKQG,2,0.7777777777777778,1,0.873
525,CYISNLKQG,2,0.7777777777777778,1,0.9978
527,CYISNLLQG,2,0.7777777777777778,1,0.8417
529,CYISNKKQG,2,0.7777777777777778,1,0.9865
530,CYISNKGQG,2,0.7777777777777778,1,0.7301
531,CYISNKLQG,2,0.7777777777777778,1,0.9533
569,CYISNCKGG,2,0.7777777777777778,1,0.8285
570,CYISNCKLG,2,0.7777777777777778,1,0.9483
571,CYISNCKKG,2,0.7777777777777778,1,0.8903
579,CYISNCLKG,2,0.7777777777777778,1,0.7824
584,CYISNCKQC,2,0.7777777777777778,1,0.5177
585,CYISNCKQL,2,0.7777777777777778,1,0.8462
586,CYISNCKQK,2,0.7777777777777778,1,0.9604
587,CYISNCKQG,2,0.7777777777777778,1,0.841
590,CYISNCGQK,2,0.7777777777777778,1,0.5251
594,CYISNCLQK,2,0.7777777777777778,1,0.9212
