,peptide,mutations,similarity,y_pred,y_prob
84,CGGRCFLRF,2,0.7777777777777778,1,0.9419
85,CGGRGFLRF,2,0.7777777777777778,1,0.9789
86,CGGRLFLRF,2,0.7777777777777778,1,0.9879
87,CGGRRFLRF,2,0.7777777777777778,1,0.994
88,GGGRCFLRF,2,0.7777777777777778,1,0.7392
89,GGGRGFLRF,2,0.7777777777777778,1,0.5779
90,GGGRLFLRF,2,0.7777777777777778,1,0.7125
91,GGGRRFLRF,2,0.7777777777777778,1,0.8264
92,RGGRCFLRF,2,0.7777777777777778,1,0.9961
93,RGGRGFLRF,2,0.7777777777777778,1,0.9885
94,RGGRLFLRF,2,0.7777777777777778,1,0.9936
95,RGGRRFLRF,2,0.7777777777777778,1,0.9939
96,LGGRCFLRF,2,0.7777777777777778,1,0.9466
97,LGGRGFLRF,2,0.7777777777777778,1,0.7702
98,LGGRLFLRF,2,0.7777777777777778,1,0.8519
99,LGGRRFLRF,2,0.7777777777777778,1,0.9277
