,peptide,mutations,similarity,y_pred,y_prob
30,CKYTPRL,2,0.7142857142857143,1,0.746
38,RKYTPRL,2,0.7142857142857143,1,0.8798
79,CGYTRRL,2,0.7142857142857143,1,0.5718
