,peptide,mutations,similarity,y_pred,y_prob
2,RPWDWV,1,0.8333333333333334,1,0.5423
5,DRWDWV,1,0.8333333333333334,1,0.699
6,DKWDWV,1,0.8333333333333334,1,0.7843
25,CRWDWV,2,0.6666666666666667,1,0.9996
26,CKWDWV,2,0.6666666666666667,1,0.9616
27,CLWDWV,2,0.6666666666666667,1,0.9927
29,GRWDWV,2,0.6666666666666667,1,0.9917
30,GKWDWV,2,0.6666666666666667,1,0.9963
31,GLWDWV,2,0.6666666666666667,1,0.9459
32,RCWDWV,2,0.6666666666666667,1,0.9921
33,RRWDWV,2,0.6666666666666667,1,0.9997
34,RKWDWV,2,0.6666666666666667,1,0.9999
35,RLWDWV,2,0.6666666666666667,1,0.9992
36,LCWDWV,2,0.6666666666666667,1,0.8171
37,LRWDWV,2,0.6666666666666667,1,0.9968
38,LKWDWV,2,0.6666666666666667,1,0.9965
39,LLWDWV,2,0.6666666666666667,1,0.9772
56,CPWCWV,2,0.6666666666666667,1,0.8956
57,CPWRWV,2,0.6666666666666667,1,0.9999
58,CPWLWV,2,0.6666666666666667,1,0.9982
59,CPWKWV,2,0.6666666666666667,1,0.9935
60,GPWCWV,2,0.6666666666666667,1,0.9476
61,GPWRWV,2,0.6666666666666667,1,0.9749
62,GPWLWV,2,0.6666666666666667,1,0.9776
63,GPWKWV,2,0.6666666666666667,1,0.9847
64,RPWCWV,2,0.6666666666666667,1,1.0
65,RPWRWV,2,0.6666666666666667,1,1.0
66,RPWLWV,2,0.6666666666666667,1,1.0
67,RPWKWV,2,0.6666666666666667,1,1.0
68,LPWCWV,2,0.6666666666666667,1,0.9997
69,LPWRWV,2,0.6666666666666667,1,0.9995
70,LPWLWV,2,0.6666666666666667,1,0.9993
71,LPWKWV,2,0.6666666666666667,1,0.9993
108,DRCDWV,2,0.6666666666666667,1,0.6816
111,DRVDWV,2,0.6666666666666667,1,0.5373
115,DKVDWV,2,0.6666666666666667,1,0.7348
123,DCWKWV,2,0.6666666666666667,1,0.5406
124,DRWCWV,2,0.6666666666666667,1,0.9674
125,DRWRWV,2,0.6666666666666667,1,0.8981
126,DRWLWV,2,0.6666666666666667,1,0.9244
127,DRWKWV,2,0.6666666666666667,1,0.9982
128,DKWCWV,2,0.6666666666666667,1,0.9673
129,DKWRWV,2,0.6666666666666667,1,0.9798
130,DKWLWV,2,0.6666666666666667,1,0.9829
131,DKWKWV,2,0.6666666666666667,1,0.9878
132,DLWCWV,2,0.6666666666666667,1,0.7212
133,DLWRWV,2,0.6666666666666667,1,0.6348
134,DLWLWV,2,0.6666666666666667,1,0.5874
135,DLWKWV,2,0.6666666666666667,1,0.9899
147,DKWDRV,2,0.6666666666666667,1,0.6519
158,DRWDWL,2,0.6666666666666667,1,0.5653
159,DRWDWK,2,0.6666666666666667,1,0.6754
162,DKWDWL,2,0.6666666666666667,1,0.5227
