,peptide,mutations,similarity,y_pred,y_prob
52,CSCSAFLIG,2,0.7777777777777778,1,0.5815
54,CSLSAFLIG,2,0.7777777777777778,1,0.7962
55,CSVSAFLIG,2,0.7777777777777778,1,0.9583
60,RSCSAFLIG,2,0.7777777777777778,1,0.9734
62,RSLSAFLIG,2,0.7777777777777778,1,0.7573
63,RSVSAFLIG,2,0.7777777777777778,1,0.9553
64,LSCSAFLIG,2,0.7777777777777778,1,0.8626
67,LSVSAFLIG,2,0.7777777777777778,1,0.5587
103,CSDSAKLIG,2,0.7777777777777778,1,0.5496
107,GSDSAKLIG,2,0.7777777777777778,1,0.7437
110,RSDSALLIG,2,0.7777777777777778,1,0.6955
111,RSDSAKLIG,2,0.7777777777777778,1,0.9763
115,LSDSAKLIG,2,0.7777777777777778,1,0.7325
158,RSDSAFLIK,2,0.7777777777777778,1,0.577
311,DSCSAKLIG,2,0.7777777777777778,1,0.6546
323,DSVSAKLIG,2,0.7777777777777778,1,0.8577
402,DSDKALLIG,2,0.7777777777777778,1,0.5165
525,DSDSALKIG,2,0.7777777777777778,1,0.7608
558,DSDSALLIK,2,0.7777777777777778,1,0.732
