,peptide,mutations,similarity,y_pred,y_prob
46,RKDSAHLIG,2,0.7777777777777778,1,0.943
52,CSCSAHLIG,2,0.7777777777777778,1,0.9945
53,CSGSAHLIG,2,0.7777777777777778,1,0.9751
54,CSLSAHLIG,2,0.7777777777777778,1,0.9977
55,CSVSAHLIG,2,0.7777777777777778,1,0.9983
56,GSCSAHLIG,2,0.7777777777777778,1,0.884
58,GSLSAHLIG,2,0.7777777777777778,1,0.5226
60,RSCSAHLIG,2,0.7777777777777778,1,0.9998
61,RSGSAHLIG,2,0.7777777777777778,1,0.9625
62,RSLSAHLIG,2,0.7777777777777778,1,0.9964
63,RSVSAHLIG,2,0.7777777777777778,1,0.9975
64,LSCSAHLIG,2,0.7777777777777778,1,0.9992
65,LSGSAHLIG,2,0.7777777777777778,1,0.8645
66,LSLSAHLIG,2,0.7777777777777778,1,0.9821
67,LSVSAHLIG,2,0.7777777777777778,1,0.9787
75,GSDKAHLIG,2,0.7777777777777778,1,0.7071
79,RSDKAHLIG,2,0.7777777777777778,1,0.9696
83,LSDKAHLIG,2,0.7777777777777778,1,0.6809
87,CSDSRHLIG,2,0.7777777777777778,1,0.5166
93,RSDSGHLIG,2,0.7777777777777778,1,0.5491
95,RSDSRHLIG,2,0.7777777777777778,1,0.6178
103,CSDSAKLIG,2,0.7777777777777778,1,0.5496
107,GSDSAKLIG,2,0.7777777777777778,1,0.7437
110,RSDSALLIG,2,0.7777777777777778,1,0.6955
111,RSDSAKLIG,2,0.7777777777777778,1,0.9763
115,LSDSAKLIG,2,0.7777777777777778,1,0.7325
121,GSDSAHKIG,2,0.7777777777777778,1,0.707
125,RSDSAHKIG,2,0.7777777777777778,1,0.9798
129,LSDSAHKIG,2,0.7777777777777778,1,0.7576
143,RSDSAHLKG,2,0.7777777777777778,1,0.8205
150,CSDSAHLIK,2,0.7777777777777778,1,0.6576
154,GSDSAHLIK,2,0.7777777777777778,1,0.8055
158,RSDSAHLIK,2,0.7777777777777778,1,0.9843
162,LSDSAHLIK,2,0.7777777777777778,1,0.787
175,DKVSAHLIG,2,0.7777777777777778,1,0.7049
291,DSVKAHLIG,2,0.7777777777777778,1,0.7638
311,DSCSAKLIG,2,0.7777777777777778,1,0.6546
323,DSVSAKLIG,2,0.7777777777777778,1,0.8577
337,DSVSAHKIG,2,0.7777777777777778,1,0.8831
358,DSCSAHLIK,2,0.7777777777777778,1,0.7477
366,DSLSAHLIK,2,0.7777777777777778,1,0.5053
370,DSVSAHLIK,2,0.7777777777777778,1,0.925
402,DSDKALLIG,2,0.7777777777777778,1,0.5165
525,DSDSALKIG,2,0.7777777777777778,1,0.7608
558,DSDSALLIK,2,0.7777777777777778,1,0.732
