,peptide,mutations,similarity,y_pred,y_prob
29,CRYAFGL,2,0.7142857142857143,1,0.7673
37,RRYAFGL,2,0.7142857142857143,1,0.6244
38,RKYAFGL,2,0.7142857142857143,1,0.8269
160,ERYACGL,2,0.7142857142857143,1,0.5847
161,ERYAGGL,2,0.7142857142857143,1,0.5278
162,ERYALGL,2,0.7142857142857143,1,0.6057
163,ERYARGL,2,0.7142857142857143,1,0.7206
164,EKYACGL,2,0.7142857142857143,1,0.5344
165,EKYAGGL,2,0.7142857142857143,1,0.6091
166,EKYALGL,2,0.7142857142857143,1,0.7117
167,EKYARGL,2,0.7142857142857143,1,0.8513
179,ERYAFKL,2,0.7142857142857143,1,0.6383
182,EKYAFLL,2,0.7142857142857143,1,0.5956
