,peptide,mutations,similarity,y_pred,y_prob
48,RACMFV,2,0.6666666666666667,1,0.8073
67,RAPKFV,2,0.6666666666666667,1,0.9409
183,GAVKFV,2,0.6666666666666667,1,0.6577
185,GACMGV,2,0.6666666666666667,1,0.6831
186,GACMLV,2,0.6666666666666667,1,0.5744
187,GACMRV,2,0.6666666666666667,1,0.7446
