,peptide,mutations,similarity,y_pred,y_prob
45,RRCPWKPWC,2,0.7777777777777778,1,0.9996
46,RKCPWKPWC,2,0.7777777777777778,1,0.9671
47,RLCPWKPWC,2,0.7777777777777778,1,0.9994
49,LRCPWKPWC,2,0.7777777777777778,1,0.9969
51,LLCPWKPWC,2,0.7777777777777778,1,0.7375
170,GRLPWKPWC,2,0.7777777777777778,1,0.6409
171,GRVPWKPWC,2,0.7777777777777778,1,0.9571
179,GLVPWKPWC,2,0.7777777777777778,1,0.6453
184,GRCCWKPWC,2,0.7777777777777778,1,0.544
185,GRCRWKPWC,2,0.7777777777777778,1,0.9498
186,GRCLWKPWC,2,0.7777777777777778,1,0.9994
187,GRCKWKPWC,2,0.7777777777777778,1,0.9235
190,GKCLWKPWC,2,0.7777777777777778,1,0.8648
193,GLCRWKPWC,2,0.7777777777777778,1,0.9681
194,GLCLWKPWC,2,0.7777777777777778,1,0.9687
195,GLCKWKPWC,2,0.7777777777777778,1,0.7793
218,GRCPWLPWC,2,0.7777777777777778,1,0.9488
233,GRCPWKKWC,2,0.7777777777777778,1,0.6897
235,GRCPWKLWC,2,0.7777777777777778,1,0.8964
409,GDCRWKKWC,2,0.7777777777777778,1,0.7628
411,GDCRWKLWC,2,0.7777777777777778,1,0.9219
413,GDCLWKKWC,2,0.7777777777777778,1,0.9828
414,GDCLWKGWC,2,0.7777777777777778,1,0.7641
415,GDCLWKLWC,2,0.7777777777777778,1,0.9562
417,GDCKWKKWC,2,0.7777777777777778,1,0.5135
419,GDCKWKLWC,2,0.7777777777777778,1,0.8149
