,peptide,mutations,similarity,y_pred,y_prob
29,CRPFLRF,2,0.7142857142857143,1,0.9721
36,RCPFLRF,2,0.7142857142857143,1,0.6947
37,RRPFLRF,2,0.7142857142857143,1,0.9509
38,RKPFLRF,2,0.7142857142857143,1,0.9032
39,RLPFLRF,2,0.7142857142857143,1,0.6677
128,GRCFLRF,2,0.7142857142857143,1,0.9914
129,GRGFLRF,2,0.7142857142857143,1,0.8197
130,GRLFLRF,2,0.7142857142857143,1,0.8233
131,GRVFLRF,2,0.7142857142857143,1,0.5496
132,GKCFLRF,2,0.7142857142857143,1,0.8452
133,GKGFLRF,2,0.7142857142857143,1,0.5313
134,GKLFLRF,2,0.7142857142857143,1,0.5712
136,GLCFLRF,2,0.7142857142857143,1,0.8814
