,peptide,mutations,similarity,y_pred,y_prob
29,CRKYMRF,2,0.7142857142857143,1,0.926
31,CLKYMRF,2,0.7142857142857143,1,0.6053
37,RRKYMRF,2,0.7142857142857143,1,0.8734
38,RKKYMRF,2,0.7142857142857143,1,0.5133
39,RLKYMRF,2,0.7142857142857143,1,0.5609
68,RGKCMRF,2,0.7142857142857143,1,0.7076
70,RGKLMRF,2,0.7142857142857143,1,0.7857
71,RGKKMRF,2,0.7142857142857143,1,0.5335
87,RGKYRRF,2,0.7142857142857143,1,0.6418
109,CGKYMRK,2,0.7142857142857143,1,0.7437
111,CGKYMRL,2,0.7142857142857143,1,0.6149
116,RGKYMRC,2,0.7142857142857143,1,0.5001
117,RGKYMRK,2,0.7142857142857143,1,0.9079
119,RGKYMRL,2,0.7142857142857143,1,0.7908
146,GRKLMRF,2,0.7142857142857143,1,0.6143
193,GRKYMRK,2,0.7142857142857143,1,0.8836
195,GRKYMRL,2,0.7142857142857143,1,0.7584
201,GLKYMRK,2,0.7142857142857143,1,0.6947
270,GGKCLRF,2,0.7142857142857143,1,0.9031
271,GGKCRRF,2,0.7142857142857143,1,0.6721
273,GGKRGRF,2,0.7142857142857143,1,0.6481
274,GGKRLRF,2,0.7142857142857143,1,0.9643
275,GGKRRRF,2,0.7142857142857143,1,0.7249
276,GGKLCRF,2,0.7142857142857143,1,0.9198
277,GGKLGRF,2,0.7142857142857143,1,0.9806
278,GGKLLRF,2,0.7142857142857143,1,0.978
279,GGKLRRF,2,0.7142857142857143,1,0.9899
282,GGKKLRF,2,0.7142857142857143,1,0.938
283,GGKKRRF,2,0.7142857142857143,1,0.654
301,GGKCMRK,2,0.7142857142857143,1,0.6677
303,GGKCMRL,2,0.7142857142857143,1,0.6945
305,GGKRMRK,2,0.7142857142857143,1,0.719
307,GGKRMRL,2,0.7142857142857143,1,0.7895
308,GGKLMRC,2,0.7142857142857143,1,0.5162
309,GGKLMRK,2,0.7142857142857143,1,0.9582
310,GGKLMRG,2,0.7142857142857143,1,0.7576
311,GGKLMRL,2,0.7142857142857143,1,0.9394
313,GGKKMRK,2,0.7142857142857143,1,0.7575
315,GGKKMRL,2,0.7142857142857143,1,0.8005
337,GGKYGRK,2,0.7142857142857143,1,0.6478
341,GGKYLRK,2,0.7142857142857143,1,0.7499
343,GGKYLRL,2,0.7142857142857143,1,0.5523
345,GGKYRRK,2,0.7142857142857143,1,0.8423
347,GGKYRRL,2,0.7142857142857143,1,0.7995
