,peptide,mutations,similarity,y_pred,y_prob
54,CLLPRPLRF,2,0.7777777777777778,1,0.5994
55,CLVPRPLRF,2,0.7777777777777778,1,0.9687
60,RLCPRPLRF,2,0.7777777777777778,1,0.9925
63,RLVPRPLRF,2,0.7777777777777778,1,0.95
64,LLCPRPLRF,2,0.7777777777777778,1,0.838
69,CLGRRPLRF,2,0.7777777777777778,1,0.8632
70,CLGLRPLRF,2,0.7777777777777778,1,0.9436
71,CLGKRPLRF,2,0.7777777777777778,1,0.8763
76,RLGCRPLRF,2,0.7777777777777778,1,0.9882
77,RLGRRPLRF,2,0.7777777777777778,1,0.8107
78,RLGLRPLRF,2,0.7777777777777778,1,0.9563
79,RLGKRPLRF,2,0.7777777777777778,1,0.981
80,LLGCRPLRF,2,0.7777777777777778,1,0.7643
83,LLGKRPLRF,2,0.7777777777777778,1,0.7001
156,RLGPRPLRC,2,0.7777777777777778,1,0.8848
158,RLGPRPLRK,2,0.7777777777777778,1,0.8624
277,GLCRRPLRF,2,0.7777777777777778,1,0.658
278,GLCLRPLRF,2,0.7777777777777778,1,0.8877
279,GLCKRPLRF,2,0.7777777777777778,1,0.7441
287,GLLKRPLRF,2,0.7777777777777778,1,0.5228
288,GLVCRPLRF,2,0.7777777777777778,1,0.6412
291,GLVKRPLRF,2,0.7777777777777778,1,0.8475
370,GLVPRPLRK,2,0.7777777777777778,1,0.7386
388,GLGCRCLRF,2,0.7777777777777778,1,0.9973
389,GLGCRGLRF,2,0.7777777777777778,1,0.9968
390,GLGCRLLRF,2,0.7777777777777778,1,0.9999
391,GLGCRKLRF,2,0.7777777777777778,1,0.9964
392,GLGRRCLRF,2,0.7777777777777778,1,0.9978
393,GLGRRGLRF,2,0.7777777777777778,1,0.988
394,GLGRRLLRF,2,0.7777777777777778,1,0.9993
395,GLGRRKLRF,2,0.7777777777777778,1,0.9966
396,GLGLRCLRF,2,0.7777777777777778,1,0.9992
397,GLGLRGLRF,2,0.7777777777777778,1,0.9942
398,GLGLRLLRF,2,0.7777777777777778,1,0.9995
399,GLGLRKLRF,2,0.7777777777777778,1,0.9992
400,GLGKRCLRF,2,0.7777777777777778,1,0.9927
401,GLGKRGLRF,2,0.7777777777777778,1,0.9913
402,GLGKRLLRF,2,0.7777777777777778,1,0.9998
403,GLGKRKLRF,2,0.7777777777777778,1,0.9941
413,GLGLRPKRF,2,0.7777777777777778,1,0.6336
436,GLGCRPLRC,2,0.7777777777777778,1,0.8368
437,GLGCRPLRL,2,0.7777777777777778,1,0.8607
438,GLGCRPLRK,2,0.7777777777777778,1,0.9719
439,GLGCRPLRG,2,0.7777777777777778,1,0.8924
440,GLGRRPLRC,2,0.7777777777777778,1,0.9693
442,GLGRRPLRK,2,0.7777777777777778,1,0.9824
444,GLGLRPLRC,2,0.7777777777777778,1,0.9918
445,GLGLRPLRL,2,0.7777777777777778,1,0.6272
446,GLGLRPLRK,2,0.7777777777777778,1,0.9971
447,GLGLRPLRG,2,0.7777777777777778,1,0.761
448,GLGKRPLRC,2,0.7777777777777778,1,0.9659
449,GLGKRPLRL,2,0.7777777777777778,1,0.9108
450,GLGKRPLRK,2,0.7777777777777778,1,0.9652
451,GLGKRPLRG,2,0.7777777777777778,1,0.9598
556,GLGPRLLRC,2,0.7777777777777778,1,0.786
558,GLGPRLLRK,2,0.7777777777777778,1,0.919
