,peptide,mutations,similarity,y_pred,y_prob
24,CCFFRF,2,0.6666666666666667,1,0.7262
25,CRFFRF,2,0.6666666666666667,1,0.9999
26,CKFFRF,2,0.6666666666666667,1,0.995
27,CLFFRF,2,0.6666666666666667,1,0.9982
32,RCFFRF,2,0.6666666666666667,1,0.9987
33,RRFFRF,2,0.6666666666666667,1,0.9998
34,RKFFRF,2,0.6666666666666667,1,0.9992
35,RLFFRF,2,0.6666666666666667,1,0.9993
36,LCFFRF,2,0.6666666666666667,1,0.9282
37,LRFFRF,2,0.6666666666666667,1,0.9961
38,LKFFRF,2,0.6666666666666667,1,0.9496
39,LLFFRF,2,0.6666666666666667,1,0.9144
98,RNFFRL,2,0.6666666666666667,1,0.5622
108,GRCFRF,2,0.6666666666666667,1,0.9317
110,GRLFRF,2,0.6666666666666667,1,0.5571
111,GRVFRF,2,0.6666666666666667,1,0.6063
116,GLCFRF,2,0.6666666666666667,1,0.543
124,GRFCRF,2,0.6666666666666667,1,0.9156
125,GRFRRF,2,0.6666666666666667,1,0.7177
126,GRFLRF,2,0.6666666666666667,1,0.9048
127,GRFKRF,2,0.6666666666666667,1,0.9075
130,GKFLRF,2,0.6666666666666667,1,0.7148
135,GLFKRF,2,0.6666666666666667,1,0.5368
156,GRFFRC,2,0.6666666666666667,1,0.8379
157,GRFFRG,2,0.6666666666666667,1,0.5332
158,GRFFRL,2,0.6666666666666667,1,0.9744
159,GRFFRK,2,0.6666666666666667,1,0.9073
162,GKFFRL,2,0.6666666666666667,1,0.9229
166,GLFFRL,2,0.6666666666666667,1,0.6188
167,GLFFRK,2,0.6666666666666667,1,0.5107
