,peptide,mutations,similarity,y_pred,y_prob
219,GRDSAKLRL,2,0.7777777777777778,1,0.6575
222,GKDSALLRL,2,0.7777777777777778,1,0.8206
