,peptide,mutations,similarity,y_pred,y_prob
219,GRDSTKLRL,2,0.7777777777777778,1,0.7987
222,GKDSTLLRL,2,0.7777777777777778,1,0.8426
227,GLDSTKLRL,2,0.7777777777777778,1,0.6509
