,peptide,mutations,similarity,y_pred,y_prob
219,GRDSSKLRL,2,0.7777777777777778,1,0.7849
222,GKDSSLLRL,2,0.7777777777777778,1,0.7585
227,GLDSSKLRL,2,0.7777777777777778,1,0.5667
