,peptide,mutations,similarity,y_pred,y_prob
37,CRESAFLRL,2,0.7777777777777778,1,0.8315
38,CKESAFLRL,2,0.7777777777777778,1,0.6206
39,CLESAFLRL,2,0.7777777777777778,1,0.6374
45,RRESAFLRL,2,0.7777777777777778,1,0.5737
46,RKESAFLRL,2,0.7777777777777778,1,0.763
218,GRESALLRL,2,0.7777777777777778,1,0.9057
219,GRESAKLRL,2,0.7777777777777778,1,0.8533
222,GKESALLRL,2,0.7777777777777778,1,0.9591
223,GKESAKLRL,2,0.7777777777777778,1,0.5051
226,GLESALLRL,2,0.7777777777777778,1,0.864
227,GLESAKLRL,2,0.7777777777777778,1,0.7913
