,peptide,mutations,similarity,y_pred,y_prob
37,CRETAFLRL,2,0.7777777777777778,1,0.605
218,GRETALLRL,2,0.7777777777777778,1,0.6959
222,GKETALLRL,2,0.7777777777777778,1,0.831
226,GLETALLRL,2,0.7777777777777778,1,0.6123
