,peptide,mutations,similarity,y_pred,y_prob
37,CRPLLPPLP,2,0.7777777777777778,1,0.9887
44,RCPLLPPLP,2,0.7777777777777778,1,0.8043
45,RRPLLPPLP,2,0.7777777777777778,1,0.9696
46,RKPLLPPLP,2,0.7777777777777778,1,0.9846
47,RLPLLPPLP,2,0.7777777777777778,1,0.7738
49,LRPLLPPLP,2,0.7777777777777778,1,0.6261
60,RPCLLPPLP,2,0.7777777777777778,1,0.995
63,RPVLLPPLP,2,0.7777777777777778,1,0.9043
76,RPPCLPPLP,2,0.7777777777777778,1,0.7103
79,RPPKLPPLP,2,0.7777777777777778,1,0.8471
108,RPPLLCPLP,2,0.7777777777777778,1,0.5732
110,RPPLLLPLP,2,0.7777777777777778,1,0.5277
111,RPPLLKPLP,2,0.7777777777777778,1,0.9543
124,RPPLLPCLP,2,0.7777777777777778,1,0.8314
125,RPPLLPKLP,2,0.7777777777777778,1,0.9983
127,RPPLLPLLP,2,0.7777777777777778,1,0.6413
129,LPPLLPKLP,2,0.7777777777777778,1,0.7545
143,RPPLLPPKP,2,0.7777777777777778,1,0.7307
156,RPPLLPPLC,2,0.7777777777777778,1,0.9433
158,RPPLLPPLK,2,0.7777777777777778,1,0.9757
168,GRCLLPPLP,2,0.7777777777777778,1,0.9563
187,GRPKLPPLP,2,0.7777777777777778,1,0.5556
219,GRPLLKPLP,2,0.7777777777777778,1,0.8652
233,GRPLLPKLP,2,0.7777777777777778,1,0.9921
237,GKPLLPKLP,2,0.7777777777777778,1,0.8236
241,GLPLLPKLP,2,0.7777777777777778,1,0.801
264,GRPLLPPLC,2,0.7777777777777778,1,0.5898
266,GRPLLPPLK,2,0.7777777777777778,1,0.913
325,GPCLLPKLP,2,0.7777777777777778,1,0.8121
329,GPGLLPKLP,2,0.7777777777777778,1,0.5352
333,GPLLLPKLP,2,0.7777777777777778,1,0.587
337,GPVLLPKLP,2,0.7777777777777778,1,0.9117
481,GPPLRPKLP,2,0.7777777777777778,1,0.661
525,GPPLLLKLP,2,0.7777777777777778,1,0.9507
529,GPPLLKKLP,2,0.7777777777777778,1,0.7899
558,GPPLLLPLK,2,0.7777777777777778,1,0.6541
584,GPPLLPKLC,2,0.7777777777777778,1,0.5699
586,GPPLLPKLK,2,0.7777777777777778,1,0.8302
594,GPPLLPLLK,2,0.7777777777777778,1,0.6199
