,peptide,mutations,similarity,y_pred,y_prob
60,RPCGFLGMR,2,0.7777777777777778,1,0.7568
168,GRCGFLGMR,2,0.7777777777777778,1,0.9931
169,GRGGFLGMR,2,0.7777777777777778,1,0.8848
170,GRLGFLGMR,2,0.7777777777777778,1,0.8837
171,GRVGFLGMR,2,0.7777777777777778,1,0.7296
172,GKCGFLGMR,2,0.7777777777777778,1,0.6572
174,GKLGFLGMR,2,0.7777777777777778,1,0.5629
176,GLCGFLGMR,2,0.7777777777777778,1,0.9511
202,GRSGLLGMR,2,0.7777777777777778,1,0.6204
203,GRSGRLGMR,2,0.7777777777777778,1,0.5451
204,GKSGCLGMR,2,0.7777777777777778,1,0.6952
205,GKSGGLGMR,2,0.7777777777777778,1,0.8467
206,GKSGLLGMR,2,0.7777777777777778,1,0.9091
207,GKSGRLGMR,2,0.7777777777777778,1,0.8941
233,GRSGFLKMR,2,0.7777777777777778,1,0.5513
251,GRSGFLGKR,2,0.7777777777777778,1,0.7142
295,GPCGRLGMR,2,0.7777777777777778,1,0.5423
