,peptide,mutations,similarity,y_pred,y_prob
46,RKSGFYGVR,2,0.7777777777777778,1,0.7222
60,RPCGFYGVR,2,0.7777777777777778,1,0.6175
79,RPSKFYGVR,2,0.7777777777777778,1,0.6898
168,GRCGFYGVR,2,0.7777777777777778,1,0.7838
175,GKVGFYGVR,2,0.7777777777777778,1,0.5636
205,GKSGGYGVR,2,0.7777777777777778,1,0.6078
206,GKSGLYGVR,2,0.7777777777777778,1,0.5099
207,GKSGRYGVR,2,0.7777777777777778,1,0.6882
