,peptide,mutations,similarity,y_pred,y_prob
70,CRALNFLRL,2,0.7777777777777778,1,0.5659
71,CRAKNFLRL,2,0.7777777777777778,1,0.8798
79,RRAKNFLRL,2,0.7777777777777778,1,0.8908
291,GRVKNFLRL,2,0.7777777777777778,1,0.5038
372,GRACCFLRL,2,0.7777777777777778,1,0.7566
373,GRACGFLRL,2,0.7777777777777778,1,0.9061
374,GRACLFLRL,2,0.7777777777777778,1,0.9583
375,GRACRFLRL,2,0.7777777777777778,1,0.9426
376,GRARCFLRL,2,0.7777777777777778,1,0.773
377,GRARGFLRL,2,0.7777777777777778,1,0.5464
378,GRARLFLRL,2,0.7777777777777778,1,0.7365
379,GRARRFLRL,2,0.7777777777777778,1,0.6517
380,GRALCFLRL,2,0.7777777777777778,1,0.9536
381,GRALGFLRL,2,0.7777777777777778,1,0.8447
382,GRALLFLRL,2,0.7777777777777778,1,0.8344
383,GRALRFLRL,2,0.7777777777777778,1,0.9115
384,GRAKCFLRL,2,0.7777777777777778,1,0.8582
385,GRAKGFLRL,2,0.7777777777777778,1,0.9387
386,GRAKLFLRL,2,0.7777777777777778,1,0.9789
387,GRAKRFLRL,2,0.7777777777777778,1,0.9609
402,GRAKNLLRL,2,0.7777777777777778,1,0.7528
