,peptide,mutations,similarity,y_pred,y_prob
52,CRCENFLRL,2,0.7777777777777778,1,0.6356
54,CRLENFLRL,2,0.7777777777777778,1,0.6099
55,CRVENFLRL,2,0.7777777777777778,1,0.9013
60,RRCENFLRL,2,0.7777777777777778,1,0.9308
63,RRVENFLRL,2,0.7777777777777778,1,0.8866
64,LRCENFLRL,2,0.7777777777777778,1,0.7293
70,CRALNFLRL,2,0.7777777777777778,1,0.5659
71,CRAKNFLRL,2,0.7777777777777778,1,0.8798
79,RRAKNFLRL,2,0.7777777777777778,1,0.8908
102,CRAENLLRL,2,0.7777777777777778,1,0.8942
103,CRAENKLRL,2,0.7777777777777778,1,0.7767
110,RRAENLLRL,2,0.7777777777777778,1,0.6957
111,RRAENKLRL,2,0.7777777777777778,1,0.6103
291,GRVKNFLRL,2,0.7777777777777778,1,0.5038
310,GRCENLLRL,2,0.7777777777777778,1,0.627
372,GRACCFLRL,2,0.7777777777777778,1,0.7566
373,GRACGFLRL,2,0.7777777777777778,1,0.9061
374,GRACLFLRL,2,0.7777777777777778,1,0.9583
375,GRACRFLRL,2,0.7777777777777778,1,0.9426
376,GRARCFLRL,2,0.7777777777777778,1,0.773
377,GRARGFLRL,2,0.7777777777777778,1,0.5464
378,GRARLFLRL,2,0.7777777777777778,1,0.7365
379,GRARRFLRL,2,0.7777777777777778,1,0.6517
380,GRALCFLRL,2,0.7777777777777778,1,0.9536
381,GRALGFLRL,2,0.7777777777777778,1,0.8447
382,GRALLFLRL,2,0.7777777777777778,1,0.8344
383,GRALRFLRL,2,0.7777777777777778,1,0.9115
384,GRAKCFLRL,2,0.7777777777777778,1,0.8582
385,GRAKGFLRL,2,0.7777777777777778,1,0.9387
386,GRAKLFLRL,2,0.7777777777777778,1,0.9789
387,GRAKRFLRL,2,0.7777777777777778,1,0.9609
402,GRAKNLLRL,2,0.7777777777777778,1,0.7528
458,GRAEGLLRL,2,0.7777777777777778,1,0.5258
462,GRAELLLRL,2,0.7777777777777778,1,0.542
466,GRAERLLRL,2,0.7777777777777778,1,0.5866
