,peptide,mutations,similarity,y_pred,y_prob
23,GVDSSKLRL,1,0.8888888888888888,1,0.6256
52,CVCSSFLRL,2,0.7777777777777778,1,0.9157
54,CVLSSFLRL,2,0.7777777777777778,1,0.9035
55,CVVSSFLRL,2,0.7777777777777778,1,0.8712
60,RVCSSFLRL,2,0.7777777777777778,1,0.9926
62,RVLSSFLRL,2,0.7777777777777778,1,0.8971
63,RVVSSFLRL,2,0.7777777777777778,1,0.8777
64,LVCSSFLRL,2,0.7777777777777778,1,0.9088
79,RVDKSFLRL,2,0.7777777777777778,1,0.6069
102,CVDSSLLRL,2,0.7777777777777778,1,0.8438
103,CVDSSKLRL,2,0.7777777777777778,1,0.9304
107,GVDSSKLRL,2,0.7777777777777778,1,0.6256
108,RVDSSCLRL,2,0.7777777777777778,1,0.5597
110,RVDSSLLRL,2,0.7777777777777778,1,0.8829
111,RVDSSKLRL,2,0.7777777777777778,1,0.993
115,LVDSSKLRL,2,0.7777777777777778,1,0.8699
125,RVDSSFKRL,2,0.7777777777777778,1,0.7219
158,RVDSSFLRK,2,0.7777777777777778,1,0.7773
219,GRDSSKLRL,2,0.7777777777777778,1,0.7849
222,GKDSSLLRL,2,0.7777777777777778,1,0.7585
227,GLDSSKLRL,2,0.7777777777777778,1,0.5667
308,GVCSSCLRL,2,0.7777777777777778,1,0.5801
310,GVCSSLLRL,2,0.7777777777777778,1,0.9656
311,GVCSSKLRL,2,0.7777777777777778,1,0.9954
315,GVGSSKLRL,2,0.7777777777777778,1,0.9261
318,GVLSSLLRL,2,0.7777777777777778,1,0.7137
319,GVLSSKLRL,2,0.7777777777777778,1,0.9793
322,GVVSSLLRL,2,0.7777777777777778,1,0.6912
323,GVVSSKLRL,2,0.7777777777777778,1,0.9827
358,GVCSSFLRK,2,0.7777777777777778,1,0.5763
399,GVDLSKLRL,2,0.7777777777777778,1,0.5205
402,GVDKSLLRL,2,0.7777777777777778,1,0.8681
403,GVDKSKLRL,2,0.7777777777777778,1,0.6509
459,GVDSGKLRL,2,0.7777777777777778,1,0.6562
463,GVDSLKLRL,2,0.7777777777777778,1,0.592
467,GVDSRKLRL,2,0.7777777777777778,1,0.8532
525,GVDSSLKRL,2,0.7777777777777778,1,0.9698
529,GVDSSKKRL,2,0.7777777777777778,1,0.9062
531,GVDSSKLRL,2,0.7777777777777778,1,0.6256
543,GVDSSLLKL,2,0.7777777777777778,1,0.8855
545,GVDSSKLGL,2,0.7777777777777778,1,0.6364
546,GVDSSKLLL,2,0.7777777777777778,1,0.783
547,GVDSSKLKL,2,0.7777777777777778,1,0.6634
558,GVDSSLLRK,2,0.7777777777777778,1,0.9728
560,GVDSSKLRC,2,0.7777777777777778,1,0.7002
561,GVDSSKLRL,2,0.7777777777777778,1,0.6256
562,GVDSSKLRK,2,0.7777777777777778,1,0.8722
563,GVDSSKLRG,2,0.7777777777777778,1,0.5428
