,peptide,mutations,similarity,y_pred,y_prob
37,CRFLFRPRN,2,0.7777777777777778,1,0.9867
38,CKFLFRPRN,2,0.7777777777777778,1,0.8632
39,CLFLFRPRN,2,0.7777777777777778,1,0.9066
44,RCFLFRPRN,2,0.7777777777777778,1,0.7386
45,RRFLFRPRN,2,0.7777777777777778,1,0.9947
46,RKFLFRPRN,2,0.7777777777777778,1,0.9665
47,RLFLFRPRN,2,0.7777777777777778,1,0.9854
49,LRFLFRPRN,2,0.7777777777777778,1,0.9316
51,LLFLFRPRN,2,0.7777777777777778,1,0.6951
117,CYFLFRKRN,2,0.7777777777777778,1,0.9626
125,RYFLFRKRN,2,0.7777777777777778,1,0.985
129,LYFLFRKRN,2,0.7777777777777778,1,0.6264
150,CYFLFRPRK,2,0.7777777777777778,1,0.9015
156,RYFLFRPRC,2,0.7777777777777778,1,0.7227
158,RYFLFRPRK,2,0.7777777777777778,1,0.9801
233,GRFLFRKRN,2,0.7777777777777778,1,0.9464
235,GRFLFRLRN,2,0.7777777777777778,1,0.5812
237,GKFLFRKRN,2,0.7777777777777778,1,0.6986
241,GLFLFRKRN,2,0.7777777777777778,1,0.8153
264,GRFLFRPRC,2,0.7777777777777778,1,0.8808
266,GRFLFRPRK,2,0.7777777777777778,1,0.9332
274,GLFLFRPRK,2,0.7777777777777778,1,0.6562
584,GYFLFRKRC,2,0.7777777777777778,1,0.6165
586,GYFLFRKRK,2,0.7777777777777778,1,0.8539
587,GYFLFRKRG,2,0.7777777777777778,1,0.5182
594,GYFLFRLRK,2,0.7777777777777778,1,0.746
