,peptide,mutations,similarity,y_pred,y_prob
15,IYEKEIA,1,0.8571428571428572,1,0.5048
61,CYEREIA,2,0.7142857142857143,1,0.733
62,CYELEIA,2,0.7142857142857143,1,0.6906
63,CYEKEIA,2,0.7142857142857143,1,0.7878
68,RYECEIA,2,0.7142857142857143,1,0.7476
70,RYELEIA,2,0.7142857142857143,1,0.6429
71,RYEKEIA,2,0.7142857142857143,1,0.826
144,IRECEIA,2,0.7142857142857143,1,0.8303
145,IREREIA,2,0.7142857142857143,1,0.5672
146,IRELEIA,2,0.7142857142857143,1,0.9466
147,IREKEIA,2,0.7142857142857143,1,0.8133
148,IKECEIA,2,0.7142857142857143,1,0.5321
150,IKELEIA,2,0.7142857142857143,1,0.936
152,ILECEIA,2,0.7142857142857143,1,0.8238
153,ILEREIA,2,0.7142857142857143,1,0.6155
154,ILELEIA,2,0.7142857142857143,1,0.9084
155,ILEKEIA,2,0.7142857142857143,1,0.8271
204,IYCCEIA,2,0.7142857142857143,1,0.7462
205,IYCREIA,2,0.7142857142857143,1,0.7492
206,IYCLEIA,2,0.7142857142857143,1,0.9093
207,IYCKEIA,2,0.7142857142857143,1,0.966
211,IYGKEIA,2,0.7142857142857143,1,0.5624
215,IYLKEIA,2,0.7142857142857143,1,0.7248
216,IYVCEIA,2,0.7142857142857143,1,0.5447
219,IYVKEIA,2,0.7142857142857143,1,0.8538
281,IYEKGIA,2,0.7142857142857143,1,0.6004
282,IYEKLIA,2,0.7142857142857143,1,0.6656
283,IYEKRIA,2,0.7142857142857143,1,0.6672
286,IYECELA,2,0.7142857142857143,1,0.5072
298,IYEKELA,2,0.7142857142857143,1,0.7099
301,IYECEIK,2,0.7142857142857143,1,0.9594
303,IYECEIL,2,0.7142857142857143,1,0.7718
305,IYEREIK,2,0.7142857142857143,1,0.9229
307,IYEREIL,2,0.7142857142857143,1,0.6191
308,IYELEIC,2,0.7142857142857143,1,0.5454
309,IYELEIK,2,0.7142857142857143,1,0.9788
311,IYELEIL,2,0.7142857142857143,1,0.7973
312,IYEKEIC,2,0.7142857142857143,1,0.6599
313,IYEKEIK,2,0.7142857142857143,1,0.962
314,IYEKEIG,2,0.7142857142857143,1,0.6499
315,IYEKEIL,2,0.7142857142857143,1,0.909
