,peptide,mutations,similarity,y_pred,y_prob
168,KRCQDFMRF,2,0.7777777777777778,1,0.8448
171,KRVQDFMRF,2,0.7777777777777778,1,0.6054
203,KRNQRFMRF,2,0.7777777777777778,1,0.5963
294,KPCQLFMRF,2,0.7777777777777778,1,0.5203
295,KPCQRFMRF,2,0.7777777777777778,1,0.703
