,peptide,mutations,similarity,y_pred,y_prob
168,LRCSSFLRL,2,0.7777777777777778,1,0.9946
170,LRLSSFLRL,2,0.7777777777777778,1,0.9355
171,LRVSSFLRL,2,0.7777777777777778,1,0.9272
172,LKCSSFLRL,2,0.7777777777777778,1,0.9975
174,LKLSSFLRL,2,0.7777777777777778,1,0.982
175,LKVSSFLRL,2,0.7777777777777778,1,0.9851
176,LLCSSFLRL,2,0.7777777777777778,1,0.9884
178,LLLSSFLRL,2,0.7777777777777778,1,0.822
179,LLVSSFLRL,2,0.7777777777777778,1,0.6525
219,LRDSSKLRL,2,0.7777777777777778,1,0.799
222,LKDSSLLRL,2,0.7777777777777778,1,0.7575
227,LLDSSKLRL,2,0.7777777777777778,1,0.5465
291,LPVKSFLRL,2,0.7777777777777778,1,0.5013
310,LPCSSLLRL,2,0.7777777777777778,1,0.6274
311,LPCSSKLRL,2,0.7777777777777778,1,0.9057
323,LPVSSKLRL,2,0.7777777777777778,1,0.939
