,peptide,mutations,similarity,y_pred,y_prob
2,RFHDLPGVK,1,0.8888888888888888,1,0.7194
45,RRHDLPGVK,2,0.7777777777777778,1,0.9921
46,RKHDLPGVK,2,0.7777777777777778,1,0.9165
47,RLHDLPGVK,2,0.7777777777777778,1,0.9594
49,LRHDLPGVK,2,0.7777777777777778,1,0.7561
60,RFCDLPGVK,2,0.7777777777777778,1,0.7564
63,RFVDLPGVK,2,0.7777777777777778,1,0.9149
69,CFHRLPGVK,2,0.7777777777777778,1,0.999
70,CFHLLPGVK,2,0.7777777777777778,1,0.9592
71,CFHKLPGVK,2,0.7777777777777778,1,0.9441
73,GFHRLPGVK,2,0.7777777777777778,1,0.857
74,GFHLLPGVK,2,0.7777777777777778,1,0.8518
75,GFHKLPGVK,2,0.7777777777777778,1,0.8328
76,RFHCLPGVK,2,0.7777777777777778,1,1.0
77,RFHRLPGVK,2,0.7777777777777778,1,0.9999
78,RFHLLPGVK,2,0.7777777777777778,1,1.0
79,RFHKLPGVK,2,0.7777777777777778,1,1.0
80,LFHCLPGVK,2,0.7777777777777778,1,0.9917
81,LFHRLPGVK,2,0.7777777777777778,1,0.9979
82,LFHLLPGVK,2,0.7777777777777778,1,0.9962
83,LFHKLPGVK,2,0.7777777777777778,1,0.9958
93,RFHDGPGVK,2,0.7777777777777778,1,0.6806
94,RFHDLPGVK,2,0.7777777777777778,1,0.7194
95,RFHDRPGVK,2,0.7777777777777778,1,0.9078
108,RFHDLCGVK,2,0.7777777777777778,1,0.8738
109,RFHDLGGVK,2,0.7777777777777778,1,0.7956
110,RFHDLLGVK,2,0.7777777777777778,1,0.9943
111,RFHDLKGVK,2,0.7777777777777778,1,0.976
114,LFHDLLGVK,2,0.7777777777777778,1,0.5943
124,RFHDLPCVK,2,0.7777777777777778,1,0.6944
125,RFHDLPKVK,2,0.7777777777777778,1,0.9948
126,RFHDLPGVK,2,0.7777777777777778,1,0.7194
127,RFHDLPLVK,2,0.7777777777777778,1,0.9535
158,RFHDLPGVK,2,0.7777777777777778,1,0.7194
