,peptide,mutations,similarity,y_pred,y_prob
25,CRTNLH,2,0.6666666666666667,1,0.9708
33,RRTNLH,2,0.6666666666666667,1,0.9512
34,RKTNLH,2,0.6666666666666667,1,0.889
35,RLTNLH,2,0.6666666666666667,1,0.8641
37,LRTNLH,2,0.6666666666666667,1,0.6364
67,RPTKLH,2,0.6666666666666667,1,0.7825
127,NRTKLH,2,0.6666666666666667,1,0.7669
