,peptide,mutations,similarity,y_pred,y_prob
29,CRYAFGL,2,0.7142857142857143,1,0.7673
37,RRYAFGL,2,0.7142857142857143,1,0.6244
38,RKYAFGL,2,0.7142857142857143,1,0.8269
