,peptide,mutations,similarity,y_pred,y_prob
60,RYCKNFLRF,2,0.7777777777777778,1,0.7419
63,RYVKNFLRF,2,0.7777777777777778,1,0.7915
171,NRVKNFLRF,2,0.7777777777777778,1,0.5033
