,peptide,mutations,similarity,y_pred,y_prob
37,CRLIPFPRV,2,0.7777777777777778,1,0.9852
39,CLLIPFPRV,2,0.7777777777777778,1,0.6981
44,RCLIPFPRV,2,0.7777777777777778,1,0.7543
45,RRLIPFPRV,2,0.7777777777777778,1,0.9526
46,RKLIPFPRV,2,0.7777777777777778,1,0.8533
47,RLLIPFPRV,2,0.7777777777777778,1,0.7755
86,CALILFPRV,2,0.7777777777777778,1,0.8148
87,CALIRFPRV,2,0.7777777777777778,1,0.9687
92,RALICFPRV,2,0.7777777777777778,1,0.9532
94,RALILFPRV,2,0.7777777777777778,1,0.7573
95,RALIRFPRV,2,0.7777777777777778,1,0.8603
111,RALIPKPRV,2,0.7777777777777778,1,0.8443
117,CALIPFKRV,2,0.7777777777777778,1,0.8763
125,RALIPFKRV,2,0.7777777777777778,1,0.9863
129,LALIPFKRV,2,0.7777777777777778,1,0.6491
143,RALIPFPKV,2,0.7777777777777778,1,0.5096
168,PRCIPFPRV,2,0.7777777777777778,1,0.6212
200,PRLICFPRV,2,0.7777777777777778,1,0.8203
207,PKLIRFPRV,2,0.7777777777777778,1,0.6895
219,PRLIPKPRV,2,0.7777777777777778,1,0.8922
222,PKLIPLPRV,2,0.7777777777777778,1,0.5055
233,PRLIPFKRV,2,0.7777777777777778,1,0.9822
237,PKLIPFKRV,2,0.7777777777777778,1,0.5803
241,PLLIPFKRV,2,0.7777777777777778,1,0.826
337,PAVIPFKRV,2,0.7777777777777778,1,0.8173
463,PALILKPRV,2,0.7777777777777778,1,0.5778
467,PALIRKPRV,2,0.7777777777777778,1,0.6919
469,PALICFKRV,2,0.7777777777777778,1,0.7697
473,PALIGFKRV,2,0.7777777777777778,1,0.5805
477,PALILFKRV,2,0.7777777777777778,1,0.9055
481,PALIRFKRV,2,0.7777777777777778,1,0.9587
525,PALIPLKRV,2,0.7777777777777778,1,0.9003
529,PALIPKKRV,2,0.7777777777777778,1,0.7109
