,peptide,mutations,similarity,y_pred,y_prob
1961,CAVDSSFLRDK,3,0.7272727272727273,1,0.5873
1993,RAVDSSFLRDK,3,0.7272727272727273,1,0.9292
2375,RAPLSSFLRKP,3,0.7272727272727273,1,0.5124
4655,PRPCSSFLRKP,3,0.7272727272727273,1,0.5539
4663,PRPLSSFLRKP,3,0.7272727272727273,1,0.8148
6479,PAVCSSFLRKP,3,0.7272727272727273,1,0.8011
6483,PAVRSSFLRKP,3,0.7272727272727273,1,0.6012
6487,PAVLSSFLRKP,3,0.7272727272727273,1,0.7596
6488,PAVKSSFLRCP,3,0.7272727272727273,1,0.6432
6491,PAVKSSFLRKP,3,0.7272727272727273,1,0.88
6553,PAVKSSFLRDK,3,0.7272727272727273,1,0.5382
8519,PAPLSLFLRKP,3,0.7272727272727273,1,0.6763
8771,PAPLSSKLRKP,3,0.7272727272727273,1,0.5885
9213,PAPLSSFLRCK,3,0.7272727272727273,1,0.5844
9224,PAPLSSFLRKC,3,0.7272727272727273,1,0.6368
9225,PAPLSSFLRKK,3,0.7272727272727273,1,0.6248
