,peptide,mutations,similarity,y_pred,y_prob
1411,RRPESNFVRKP,3,0.7272727272727273,1,0.5299
1993,RAVESNFVRDK,3,0.7272727272727273,1,0.7863
2375,RAPLSNFVRKP,3,0.7272727272727273,1,0.558
2379,RAPKSNFVRKP,3,0.7272727272727273,1,0.6027
4655,PRPCSNFVRKP,3,0.7272727272727273,1,0.8651
4659,PRPRSNFVRKP,3,0.7272727272727273,1,0.617
4663,PRPLSNFVRKP,3,0.7272727272727273,1,0.892
4664,PRPKSNFVRCP,3,0.7272727272727273,1,0.73
4667,PRPKSNFVRKP,3,0.7272727272727273,1,0.8425
4695,PLPLSNFVRKP,3,0.7272727272727273,1,0.548
5367,PRPESLFVRKP,3,0.7272727272727273,1,0.6489
5619,PRPESNKVRKP,3,0.7272727272727273,1,0.6142
6479,PAVCSNFVRKP,3,0.7272727272727273,1,0.6414
6487,PAVLSNFVRKP,3,0.7272727272727273,1,0.5649
6491,PAVKSNFVRKP,3,0.7272727272727273,1,0.7836
7443,PAVESNKVRKP,3,0.7272727272727273,1,0.5176
8487,PAPCSLFVRKP,3,0.7272727272727273,1,0.6025
8519,PAPLSLFVRKP,3,0.7272727272727273,1,0.7942
8535,PAPKSLFVRKP,3,0.7272727272727273,1,0.7513
8739,PAPCSNKVRKP,3,0.7272727272727273,1,0.503
8771,PAPLSNKVRKP,3,0.7272727272727273,1,0.6802
8787,PAPKSNKVRKP,3,0.7272727272727273,1,0.6134
9213,PAPLSNFVRCK,3,0.7272727272727273,1,0.6345
9224,PAPLSNFVRKC,3,0.7272727272727273,1,0.6731
9225,PAPLSNFVRKK,3,0.7272727272727273,1,0.7097
9229,PAPKSNFVRCK,3,0.7272727272727273,1,0.5782
9240,PAPKSNFVRKC,3,0.7272727272727273,1,0.6407
9241,PAPKSNFVRKK,3,0.7272727272727273,1,0.555
10371,PAPESLKVRKP,3,0.7272727272727273,1,0.5211
11181,PAPESNKVRCK,3,0.7272727272727273,1,0.5346
11192,PAPESNKVRKC,3,0.7272727272727273,1,0.5326
11193,PAPESNKVRKK,3,0.7272727272727273,1,0.5074
