,peptide,mutations,similarity,y_pred,y_prob
1993,RAVDSGFLRDK,3,0.7272727272727273,1,0.7019
2375,RASLSGFLRKP,3,0.7272727272727273,1,0.5067
2401,CASRSGFLRDK,3,0.7272727272727273,1,0.5302
2405,CASLSGFLRDK,3,0.7272727272727273,1,0.8597
2429,RASCSGFLRDK,3,0.7272727272727273,1,0.8744
2433,RASRSGFLRDK,3,0.7272727272727273,1,0.8051
2437,RASLSGFLRDK,3,0.7272727272727273,1,0.9813
2440,RASKSGFLRDC,3,0.7272727272727273,1,0.7129
2441,RASKSGFLRDK,3,0.7272727272727273,1,0.8703
2445,LASCSGFLRDK,3,0.7272727272727273,1,0.5266
2453,LASLSGFLRDK,3,0.7272727272727273,1,0.8492
3141,RASDSLFLRDK,3,0.7272727272727273,1,0.5844
3361,CASDSGKLRDK,3,0.7272727272727273,1,0.6907
3369,CASDSGLLRDK,3,0.7272727272727273,1,0.5954
3377,GASDSGKLRDK,3,0.7272727272727273,1,0.5359
3389,RASDSGCLRDK,3,0.7272727272727273,1,0.6886
3392,RASDSGKLRDC,3,0.7272727272727273,1,0.9513
3393,RASDSGKLRDK,3,0.7272727272727273,1,0.9773
3394,RASDSGKLRDA,3,0.7272727272727273,1,0.6453
3397,RASDSGGLRDK,3,0.7272727272727273,1,0.6935
3401,RASDSGLLRDK,3,0.7272727272727273,1,0.9067
3408,LASDSGKLRDC,3,0.7272727272727273,1,0.6228
3409,LASDSGKLRDK,3,0.7272727272727273,1,0.7222
4663,PRSLSGFLRKP,3,0.7272727272727273,1,0.7712
6479,PAVCSGFLRKP,3,0.7272727272727273,1,0.5569
6487,PAVLSGFLRKP,3,0.7272727272727273,1,0.5194
6491,PAVKSGFLRKP,3,0.7272727272727273,1,0.661
8199,PASLLGFLRKP,3,0.7272727272727273,1,0.5079
8519,PASLSLFLRKP,3,0.7272727272727273,1,0.6484
8771,PASLSGKLRKP,3,0.7272727272727273,1,0.6715
9213,PASLSGFLRCK,3,0.7272727272727273,1,0.6311
9224,PASLSGFLRKC,3,0.7272727272727273,1,0.6888
9225,PASLSGFLRKK,3,0.7272727272727273,1,0.6941
