,peptide,mutations,similarity,y_pred,y_prob
45,RRCNAFTGC,2,0.7777777777777778,1,0.8136
46,RKCNAFTGC,2,0.7777777777777778,1,0.673
47,RLCNAFTGC,2,0.7777777777777778,1,0.755
63,RFVNAFTGC,2,0.7777777777777778,1,0.9197
69,CFCRAFTGC,2,0.7777777777777778,1,0.8403
70,CFCLAFTGC,2,0.7777777777777778,1,0.6292
76,RFCCAFTGC,2,0.7777777777777778,1,0.9897
77,RFCRAFTGC,2,0.7777777777777778,1,0.9899
78,RFCLAFTGC,2,0.7777777777777778,1,0.9991
79,RFCKAFTGC,2,0.7777777777777778,1,0.9996
81,LFCRAFTGC,2,0.7777777777777778,1,0.9305
82,LFCLAFTGC,2,0.7777777777777778,1,0.938
83,LFCKAFTGC,2,0.7777777777777778,1,0.9905
92,RFCNCFTGC,2,0.7777777777777778,1,0.5447
93,RFCNGFTGC,2,0.7777777777777778,1,0.5579
94,RFCNLFTGC,2,0.7777777777777778,1,0.9551
95,RFCNRFTGC,2,0.7777777777777778,1,0.9404
110,RFCNALTGC,2,0.7777777777777778,1,0.9923
111,RFCNAKTGC,2,0.7777777777777778,1,0.9522
114,LFCNALTGC,2,0.7777777777777778,1,0.8168
125,RFCNAFKGC,2,0.7777777777777778,1,0.6096
142,RFCNAFTLC,2,0.7777777777777778,1,0.8707
143,RFCNAFTKC,2,0.7777777777777778,1,0.9142
158,RFCNAFTGK,2,0.7777777777777778,1,0.9771
162,LFCNAFTGK,2,0.7777777777777778,1,0.5677
218,PRCNALTGC,2,0.7777777777777778,1,0.7787
287,PFLKAFTGC,2,0.7777777777777778,1,0.5109
291,PFVKAFTGC,2,0.7777777777777778,1,0.8944
307,PFVNRFTGC,2,0.7777777777777778,1,0.5257
322,PFVNALTGC,2,0.7777777777777778,1,0.5512
323,PFVNAKTGC,2,0.7777777777777778,1,0.8108
383,PFCLRFTGC,2,0.7777777777777778,1,0.5321
387,PFCKRFTGC,2,0.7777777777777778,1,0.6388
394,PFCRALTGC,2,0.7777777777777778,1,0.6137
398,PFCLALTGC,2,0.7777777777777778,1,0.5367
399,PFCLAKTGC,2,0.7777777777777778,1,0.8027
402,PFCKALTGC,2,0.7777777777777778,1,0.9567
442,PFCRAFTGK,2,0.7777777777777778,1,0.5386
446,PFCLAFTGK,2,0.7777777777777778,1,0.8422
466,PFCNRLTGC,2,0.7777777777777778,1,0.7333
558,PFCNALTGK,2,0.7777777777777778,1,0.7423
