,peptide,mutations,similarity,y_pred,y_prob
25,CRLGFY,2,0.6666666666666667,1,0.7293
33,RRLGFY,2,0.6666666666666667,1,0.799
34,RKLGFY,2,0.6666666666666667,1,0.6845
75,CGLGRY,2,0.6666666666666667,1,0.7811
80,RGLGCY,2,0.6666666666666667,1,0.9138
81,RGLGGY,2,0.6666666666666667,1,0.7046
82,RGLGLY,2,0.6666666666666667,1,0.5741
83,RGLGRY,2,0.6666666666666667,1,0.879
96,RGLGFC,2,0.6666666666666667,1,0.9511
97,RGLGFG,2,0.6666666666666667,1,0.7354
98,RGLGFL,2,0.6666666666666667,1,0.9806
99,RGLGFK,2,0.6666666666666667,1,0.9421
127,PRLKFY,2,0.6666666666666667,1,0.5558
