,peptide,mutations,similarity,y_pred,y_prob
48,RICPGV,2,0.6666666666666667,1,0.9931
51,RIVPGV,2,0.6666666666666667,1,0.8087
57,CIDRGV,2,0.6666666666666667,1,0.9118
59,CIDKGV,2,0.6666666666666667,1,0.719
63,GIDKGV,2,0.6666666666666667,1,0.9871
64,RIDCGV,2,0.6666666666666667,1,0.9781
65,RIDRGV,2,0.6666666666666667,1,0.8831
66,RIDLGV,2,0.6666666666666667,1,0.8789
67,RIDKGV,2,0.6666666666666667,1,0.9985
71,LIDKGV,2,0.6666666666666667,1,0.9622
108,PRCPGV,2,0.6666666666666667,1,0.5429
169,PICRGV,2,0.6666666666666667,1,0.9621
170,PICLGV,2,0.6666666666666667,1,0.8895
171,PICKGV,2,0.6666666666666667,1,0.9573
175,PIGKGV,2,0.6666666666666667,1,0.856
179,PILKGV,2,0.6666666666666667,1,0.8891
180,PIVCGV,2,0.6666666666666667,1,0.925
183,PIVKGV,2,0.6666666666666667,1,0.9907
187,PICPRV,2,0.6666666666666667,1,0.5545
