,peptide,mutations,similarity,y_pred,y_prob
292,QACQCFMRF,2,0.7777777777777778,1,0.5464
293,QACQGFMRF,2,0.7777777777777778,1,0.7135
294,QACQLFMRF,2,0.7777777777777778,1,0.6081
295,QACQRFMRF,2,0.7777777777777778,1,0.9053
