,peptide,mutations,similarity,y_pred,y_prob
46,RKYTGWMDF,2,0.7777777777777778,1,0.8706
125,REYTGWKDF,2,0.7777777777777778,1,0.8757
158,REYTGWMDK,2,0.7777777777777778,1,0.8973
187,QRYKGWMDF,2,0.7777777777777778,1,0.9032
233,QRYTGWKDF,2,0.7777777777777778,1,0.9252
237,QKYTGWKDF,2,0.7777777777777778,1,0.6106
251,QRYTGWMKF,2,0.7777777777777778,1,0.9364
253,QKYTGWMGF,2,0.7777777777777778,1,0.6247
254,QKYTGWMLF,2,0.7777777777777778,1,0.6263
255,QKYTGWMKF,2,0.7777777777777778,1,0.6355
259,QLYTGWMKF,2,0.7777777777777778,1,0.5459
266,QRYTGWMDK,2,0.7777777777777778,1,0.9908
268,QKYTGWMDC,2,0.7777777777777778,1,0.8209
269,QKYTGWMDL,2,0.7777777777777778,1,0.5498
270,QKYTGWMDK,2,0.7777777777777778,1,0.9124
271,QKYTGWMDG,2,0.7777777777777778,1,0.7707
274,QLYTGWMDK,2,0.7777777777777778,1,0.9122
438,QEYCGWMDK,2,0.7777777777777778,1,0.5313
442,QEYRGWMDK,2,0.7777777777777778,1,0.5416
446,QEYLGWMDK,2,0.7777777777777778,1,0.5244
450,QEYKGWMDK,2,0.7777777777777778,1,0.5445
584,QEYTGWKDC,2,0.7777777777777778,1,0.6792
586,QEYTGWKDK,2,0.7777777777777778,1,0.7948
587,QEYTGWKDG,2,0.7777777777777778,1,0.5723
602,QEYTGWMGK,2,0.7777777777777778,1,0.7655
606,QEYTGWMLK,2,0.7777777777777778,1,0.7691
608,QEYTGWMKC,2,0.7777777777777778,1,0.5991
610,QEYTGWMKK,2,0.7777777777777778,1,0.7221
611,QEYTGWMKG,2,0.7777777777777778,1,0.5532
