,peptide,mutations,similarity,y_pred,y_prob
37,CRLISFPRV,2,0.7777777777777778,1,0.8604
45,RRLISFPRV,2,0.7777777777777778,1,0.8263
46,RKLISFPRV,2,0.7777777777777778,1,0.8369
87,CGLIRFPRV,2,0.7777777777777778,1,0.5736
92,RGLICFPRV,2,0.7777777777777778,1,0.7734
95,RGLIRFPRV,2,0.7777777777777778,1,0.6607
117,CGLISFKRV,2,0.7777777777777778,1,0.9802
119,CGLISFLRV,2,0.7777777777777778,1,0.5637
121,GGLISFKRV,2,0.7777777777777778,1,0.8226
125,RGLISFKRV,2,0.7777777777777778,1,0.994
127,RGLISFLRV,2,0.7777777777777778,1,0.6144
129,LGLISFKRV,2,0.7777777777777778,1,0.9437
233,QRLISFKRV,2,0.7777777777777778,1,0.9593
237,QKLISFKRV,2,0.7777777777777778,1,0.6621
241,QLLISFKRV,2,0.7777777777777778,1,0.7478
325,QGCISFKRV,2,0.7777777777777778,1,0.6894
467,QGLIRKPRV,2,0.7777777777777778,1,0.6661
468,QGLICFCRV,2,0.7777777777777778,1,0.8686
469,QGLICFKRV,2,0.7777777777777778,1,0.9879
470,QGLICFGRV,2,0.7777777777777778,1,0.8357
471,QGLICFLRV,2,0.7777777777777778,1,0.9431
472,QGLIGFCRV,2,0.7777777777777778,1,0.8418
473,QGLIGFKRV,2,0.7777777777777778,1,0.9933
475,QGLIGFLRV,2,0.7777777777777778,1,0.6445
476,QGLILFCRV,2,0.7777777777777778,1,0.8312
477,QGLILFKRV,2,0.7777777777777778,1,0.9921
479,QGLILFLRV,2,0.7777777777777778,1,0.6621
480,QGLIRFCRV,2,0.7777777777777778,1,0.9666
481,QGLIRFKRV,2,0.7777777777777778,1,0.9981
482,QGLIRFGRV,2,0.7777777777777778,1,0.806
483,QGLIRFLRV,2,0.7777777777777778,1,0.9248
514,QGLIRFPRK,2,0.7777777777777778,1,0.6215
517,QGLISCKRV,2,0.7777777777777778,1,0.8996
521,QGLISGKRV,2,0.7777777777777778,1,0.8391
525,QGLISLKRV,2,0.7777777777777778,1,0.9944
528,QGLISKCRV,2,0.7777777777777778,1,0.7304
529,QGLISKKRV,2,0.7777777777777778,1,0.9701
530,QGLISKGRV,2,0.7777777777777778,1,0.7428
531,QGLISKLRV,2,0.7777777777777778,1,0.9171
584,QGLISFKRC,2,0.7777777777777778,1,0.8465
586,QGLISFKRK,2,0.7777777777777778,1,0.8629
587,QGLISFKRG,2,0.7777777777777778,1,0.6929
594,QGLISFLRK,2,0.7777777777777778,1,0.8059
