,peptide,mutations,similarity,y_pred,y_prob
37,CRLIPFPRV,2,0.7777777777777778,1,0.9852
39,CLLIPFPRV,2,0.7777777777777778,1,0.6981
44,RCLIPFPRV,2,0.7777777777777778,1,0.7543
45,RRLIPFPRV,2,0.7777777777777778,1,0.9526
46,RKLIPFPRV,2,0.7777777777777778,1,0.8533
47,RLLIPFPRV,2,0.7777777777777778,1,0.7755
87,CGLIRFPRV,2,0.7777777777777778,1,0.5736
92,RGLICFPRV,2,0.7777777777777778,1,0.7734
95,RGLIRFPRV,2,0.7777777777777778,1,0.6607
125,RGLIPFKRV,2,0.7777777777777778,1,0.7177
467,QGLIRKPRV,2,0.7777777777777778,1,0.6661
468,QGLICFCRV,2,0.7777777777777778,1,0.8686
469,QGLICFKRV,2,0.7777777777777778,1,0.9879
470,QGLICFGRV,2,0.7777777777777778,1,0.8357
471,QGLICFLRV,2,0.7777777777777778,1,0.9431
472,QGLIGFCRV,2,0.7777777777777778,1,0.8418
473,QGLIGFKRV,2,0.7777777777777778,1,0.9933
475,QGLIGFLRV,2,0.7777777777777778,1,0.6445
476,QGLILFCRV,2,0.7777777777777778,1,0.8312
477,QGLILFKRV,2,0.7777777777777778,1,0.9921
479,QGLILFLRV,2,0.7777777777777778,1,0.6621
480,QGLIRFCRV,2,0.7777777777777778,1,0.9666
481,QGLIRFKRV,2,0.7777777777777778,1,0.9981
482,QGLIRFGRV,2,0.7777777777777778,1,0.806
483,QGLIRFLRV,2,0.7777777777777778,1,0.9248
514,QGLIRFPRK,2,0.7777777777777778,1,0.6215
525,QGLIPLKRV,2,0.7777777777777778,1,0.6221
