,peptide,mutations,similarity,y_pred,y_prob
1787,RRRPPHPPIKPAP,3,0.7692307692307692,1,0.7869
1795,RLRPPHPPIKPAP,3,0.7692307692307692,1,0.6455
3007,RGRLPHPPIKPAP,3,0.7692307692307692,1,0.6997
6503,QRRCPHPPIKPAP,3,0.7692307692307692,1,0.5944
6511,QRRLPHPPIKPAP,3,0.7692307692307692,1,0.8495
6543,QLRLPHPPIKPAP,3,0.7692307692307692,1,0.5921
7023,QRRPLHPPIKPAP,3,0.7692307692307692,1,0.6189
8752,QRRPPHPPIKPCP,3,0.7692307692307692,1,0.7129
12029,QGRLLHKPIPPAP,3,0.7692307692307692,1,0.5492
12033,QGRLRHKPIPPAP,3,0.7692307692307692,1,0.6359
12191,QGRCLHPPIKPAP,3,0.7692307692307692,1,0.707
12195,QGRCRHPPIKPAP,3,0.7692307692307692,1,0.5903
12207,QGRRLHPPIKPAP,3,0.7692307692307692,1,0.8294
12211,QGRRRHPPIKPAP,3,0.7692307692307692,1,0.5595
12215,QGRLCHPPIKPAP,3,0.7692307692307692,1,0.5943
12219,QGRLGHPPIKPAP,3,0.7692307692307692,1,0.7963
12223,QGRLLHPPIKPAP,3,0.7692307692307692,1,0.9401
12227,QGRLRHPPIKPAP,3,0.7692307692307692,1,0.9542
12239,QGRKLHPPIKPAP,3,0.7692307692307692,1,0.7044
12285,QGRLLHPPIPKAP,3,0.7692307692307692,1,0.7311
12289,QGRLRHPPIPKAP,3,0.7692307692307692,1,0.7996
12655,QGRRPLPPIKPAP,3,0.7692307692307692,1,0.5066
12671,QGRLPLPPIKPAP,3,0.7692307692307692,1,0.8415
13051,QGRLPHKPIKPAP,3,0.7692307692307692,1,0.7065
13059,QGRLPHLPIKPAP,3,0.7692307692307692,1,0.633
13888,QGRLPHPPIKCAP,3,0.7692307692307692,1,0.7117
13889,QGRLPHPPIKKAP,3,0.7692307692307692,1,0.5105
13952,QGRLPHPPIKPCP,3,0.7692307692307692,1,0.86
13954,QGRLPHPPIKPRP,3,0.7692307692307692,1,0.7771
14016,QGRLPHPPIKPAC,3,0.7692307692307692,1,0.7021
14463,QGRPLLPPIKPAP,3,0.7692307692307692,1,0.5652
14479,QGRPRLPPIKPAP,3,0.7692307692307692,1,0.5681
15744,QGRPLHPPIKPCP,3,0.7692307692307692,1,0.5949
