,peptide,mutations,similarity,y_pred,y_prob
4663,QRRLPGPPIKP,3,0.7272727272727273,1,0.5946
8005,QGRLLGKPIPP,3,0.7272727272727273,1,0.5494
8009,QGRLRGKPIPP,3,0.7272727272727273,1,0.682
8167,QGRCLGPPIKP,3,0.7272727272727273,1,0.6088
8183,QGRRLGPPIKP,3,0.7272727272727273,1,0.8219
8195,QGRLGGPPIKP,3,0.7272727272727273,1,0.7664
8199,QGRLLGPPIKP,3,0.7272727272727273,1,0.9215
8203,QGRLRGPPIKP,3,0.7272727272727273,1,0.9402
8215,QGRKLGPPIKP,3,0.7272727272727273,1,0.5124
8245,QGRRLGPPIPK,3,0.7272727272727273,1,0.5031
8261,QGRLLGPPIPK,3,0.7272727272727273,1,0.6895
8265,QGRLRGPPIPK,3,0.7272727272727273,1,0.7752
8519,QGRLPLPPIKP,3,0.7272727272727273,1,0.7789
