,peptide,mutations,similarity,y_pred,y_prob
8,QHC,1,0.6666666666666667,1,0.9914
9,QHG,1,0.6666666666666667,1,0.8501
10,QHL,1,0.6666666666666667,1,0.9346
