,peptide,mutations,similarity,y_pred,y_prob
63,RKVDKKDKF,2,0.7777777777777778,1,0.8327
76,RKKCKKDKF,2,0.7777777777777778,1,0.7853
77,RKKRKKDKF,2,0.7777777777777778,1,0.9208
78,RKKLKKDKF,2,0.7777777777777778,1,0.9928
79,RKKKKKDKF,2,0.7777777777777778,1,0.8379
156,RKKDKKDKC,2,0.7777777777777778,1,0.5285
157,RKKDKKDKL,2,0.7777777777777778,1,0.5577
158,RKKDKKDKK,2,0.7777777777777778,1,0.6117
185,QRKRKKDKF,2,0.7777777777777778,1,0.6202
186,QRKLKKDKF,2,0.7777777777777778,1,0.8931
264,QRKDKKDKC,2,0.7777777777777778,1,0.5747
266,QRKDKKDKK,2,0.7777777777777778,1,0.5336
383,QKKLRKDKF,2,0.7777777777777778,1,0.7542
394,QKKRKLDKF,2,0.7777777777777778,1,0.6719
398,QKKLKLDKF,2,0.7777777777777778,1,0.5797
405,QKKCKKKKF,2,0.7777777777777778,1,0.5706
407,QKKCKKLKF,2,0.7777777777777778,1,0.7682
408,QKKRKKCKF,2,0.7777777777777778,1,0.7022
409,QKKRKKKKF,2,0.7777777777777778,1,0.9757
410,QKKRKKGKF,2,0.7777777777777778,1,0.7774
411,QKKRKKLKF,2,0.7777777777777778,1,0.9841
412,QKKLKKCKF,2,0.7777777777777778,1,0.8352
413,QKKLKKKKF,2,0.7777777777777778,1,0.9938
414,QKKLKKGKF,2,0.7777777777777778,1,0.9165
415,QKKLKKLKF,2,0.7777777777777778,1,0.9891
417,QKKKKKKKF,2,0.7777777777777778,1,0.5629
419,QKKKKKLKF,2,0.7777777777777778,1,0.7891
440,QKKRKKDKC,2,0.7777777777777778,1,0.7786
441,QKKRKKDKL,2,0.7777777777777778,1,0.8006
442,QKKRKKDKK,2,0.7777777777777778,1,0.8351
443,QKKRKKDKG,2,0.7777777777777778,1,0.7842
444,QKKLKKDKC,2,0.7777777777777778,1,0.9265
445,QKKLKKDKL,2,0.7777777777777778,1,0.8634
446,QKKLKKDKK,2,0.7777777777777778,1,0.9288
447,QKKLKKDKG,2,0.7777777777777778,1,0.8667
