,peptide,mutations,similarity,y_pred,y_prob
960,RRCHPSPKVPP,3,0.7272727272727273,1,0.7459
963,RRVHPSPKVPP,3,0.7272727272727273,1,0.8911
967,RKVHPSPKVPP,3,0.7272727272727273,1,0.5489
1411,RRAHPSPKVKP,3,0.7272727272727273,1,0.6314
1611,RNVHRSPKVPP,3,0.7272727272727273,1,0.6214
1725,RNCHPSKKVPP,3,0.7272727272727273,1,0.5408
1737,RNVHPSKKVPP,3,0.7272727272727273,1,0.8958
1919,RNCHPSPKVKP,3,0.7272727272727273,1,0.6834
1928,RNVHPSPKVCP,3,0.7272727272727273,1,0.8922
1930,RNVHPSPKVLP,3,0.7272727272727273,1,0.5627
1931,RNVHPSPKVKP,3,0.7272727272727273,1,0.9441
1992,RNVHPSPKVPC,3,0.7272727272727273,1,0.818
1993,RNVHPSPKVPK,3,0.7272727272727273,1,0.8042
