,peptide,mutations,similarity,y_pred,y_prob
29,CRWPSPK,2,0.7142857142857143,1,0.8257
37,RRWPSPK,2,0.7142857142857143,1,0.9769
38,RKWPSPK,2,0.7142857142857143,1,0.7862
39,RLWPSPK,2,0.7142857142857143,1,0.8651
41,LRWPSPK,2,0.7142857142857143,1,0.7062
55,RNVPSPK,2,0.7142857142857143,1,0.7063
61,CNWRSPK,2,0.7142857142857143,1,0.7277
62,CNWLSPK,2,0.7142857142857143,1,0.7976
68,RNWCSPK,2,0.7142857142857143,1,0.9866
69,RNWRSPK,2,0.7142857142857143,1,0.8363
70,RNWLSPK,2,0.7142857142857143,1,0.986
71,RNWKSPK,2,0.7142857142857143,1,0.9643
72,LNWCSPK,2,0.7142857142857143,1,0.5933
74,LNWLSPK,2,0.7142857142857143,1,0.6972
75,LNWKSPK,2,0.7142857142857143,1,0.5497
84,RNWPCPK,2,0.7142857142857143,1,0.5802
86,RNWPLPK,2,0.7142857142857143,1,0.8498
87,RNWPRPK,2,0.7142857142857143,1,0.7032
102,RNWPSLK,2,0.7142857142857143,1,0.7796
144,QRWCSPK,2,0.7142857142857143,1,0.8753
145,QRWRSPK,2,0.7142857142857143,1,0.5413
146,QRWLSPK,2,0.7142857142857143,1,0.9385
147,QRWKSPK,2,0.7142857142857143,1,0.7334
162,QRWPLPK,2,0.7142857142857143,1,0.8201
163,QRWPRPK,2,0.7142857142857143,1,0.6695
271,QNWCRPK,2,0.7142857142857143,1,0.5448
279,QNWLRPK,2,0.7142857142857143,1,0.7292
284,QNWCSCK,2,0.7142857142857143,1,0.8313
285,QNWCSGK,2,0.7142857142857143,1,0.8662
286,QNWCSLK,2,0.7142857142857143,1,0.9984
287,QNWCSKK,2,0.7142857142857143,1,0.9815
288,QNWRSCK,2,0.7142857142857143,1,0.9534
289,QNWRSGK,2,0.7142857142857143,1,0.7835
290,QNWRSLK,2,0.7142857142857143,1,0.9972
291,QNWRSKK,2,0.7142857142857143,1,0.9734
292,QNWLSCK,2,0.7142857142857143,1,0.9692
293,QNWLSGK,2,0.7142857142857143,1,0.9073
294,QNWLSLK,2,0.7142857142857143,1,0.9986
295,QNWLSKK,2,0.7142857142857143,1,0.9928
296,QNWKSCK,2,0.7142857142857143,1,0.8749
297,QNWKSGK,2,0.7142857142857143,1,0.6974
298,QNWKSLK,2,0.7142857142857143,1,0.9978
299,QNWKSKK,2,0.7142857142857143,1,0.9279
