,peptide,mutations,similarity,y_pred,y_prob
1598,RPCPLEFFGLM,3,0.7272727272727273,1,0.6089
1599,RPCPREFFGLM,3,0.7272727272727273,1,0.5618
2692,RPNPLEFFCLM,3,0.7272727272727273,1,0.5012
3823,QRCKDEFFGLM,3,0.7272727272727273,1,0.5903
