,peptide,mutations,similarity,y_pred,y_prob
29,CRWLPFG,2,0.7142857142857143,1,0.9603
36,RCWLPFG,2,0.7142857142857143,1,0.6602
37,RRWLPFG,2,0.7142857142857143,1,0.997
38,RKWLPFG,2,0.7142857142857143,1,0.6974
39,RLWLPFG,2,0.7142857142857143,1,0.9796
41,LRWLPFG,2,0.7142857142857143,1,0.939
79,CPWLRFG,2,0.7142857142857143,1,0.9363
84,RPWLCFG,2,0.7142857142857143,1,0.986
85,RPWLGFG,2,0.7142857142857143,1,0.9816
86,RPWLLFG,2,0.7142857142857143,1,0.9892
87,RPWLRFG,2,0.7142857142857143,1,0.9937
91,LPWLRFG,2,0.7142857142857143,1,0.8026
100,RPWLPCG,2,0.7142857142857143,1,0.8285
101,RPWLPGG,2,0.7142857142857143,1,0.5525
102,RPWLPLG,2,0.7142857142857143,1,0.9907
103,RPWLPKG,2,0.7142857142857143,1,0.856
117,RPWLPFK,2,0.7142857142857143,1,0.8569
119,RPWLPFL,2,0.7142857142857143,1,0.7083
156,QCWLCFG,2,0.7142857142857143,1,0.9034
157,QCWLGFG,2,0.7142857142857143,1,0.983
158,QCWLLFG,2,0.7142857142857143,1,0.974
159,QCWLRFG,2,0.7142857142857143,1,0.9985
160,QRWLCFG,2,0.7142857142857143,1,0.9998
161,QRWLGFG,2,0.7142857142857143,1,0.9997
162,QRWLLFG,2,0.7142857142857143,1,0.9995
163,QRWLRFG,2,0.7142857142857143,1,0.9998
164,QKWLCFG,2,0.7142857142857143,1,0.9881
165,QKWLGFG,2,0.7142857142857143,1,0.9961
166,QKWLLFG,2,0.7142857142857143,1,0.9936
167,QKWLRFG,2,0.7142857142857143,1,0.9991
168,QLWLCFG,2,0.7142857142857143,1,0.9971
169,QLWLGFG,2,0.7142857142857143,1,0.996
170,QLWLLFG,2,0.7142857142857143,1,0.9929
171,QLWLRFG,2,0.7142857142857143,1,0.9992
176,QRWLPCG,2,0.7142857142857143,1,0.7773
178,QRWLPLG,2,0.7142857142857143,1,0.9842
179,QRWLPKG,2,0.7142857142857143,1,0.8196
186,QLWLPLG,2,0.7142857142857143,1,0.5987
193,QRWLPFK,2,0.7142857142857143,1,0.5972
318,QPWLCLG,2,0.7142857142857143,1,0.9624
319,QPWLCKG,2,0.7142857142857143,1,0.5319
320,QPWLGCG,2,0.7142857142857143,1,0.6271
322,QPWLGLG,2,0.7142857142857143,1,0.9773
323,QPWLGKG,2,0.7142857142857143,1,0.8118
324,QPWLLCG,2,0.7142857142857143,1,0.7332
326,QPWLLLG,2,0.7142857142857143,1,0.9713
327,QPWLLKG,2,0.7142857142857143,1,0.8867
328,QPWLRCG,2,0.7142857142857143,1,0.9734
329,QPWLRGG,2,0.7142857142857143,1,0.889
330,QPWLRLG,2,0.7142857142857143,1,0.9974
331,QPWLRKG,2,0.7142857142857143,1,0.9805
345,QPWLRFK,2,0.7142857142857143,1,0.8133
347,QPWLRFL,2,0.7142857142857143,1,0.5696
357,QPWLPLK,2,0.7142857142857143,1,0.5939
