,peptide,mutations,similarity,y_pred,y_prob
1931,RSVPGNEAIKP,3,0.7272727272727273,1,0.547
9193,QSACGNEAIKK,3,0.7272727272727273,1,0.6223
9197,QSARGNEAICK,3,0.7272727272727273,1,0.5247
9208,QSARGNEAIKC,3,0.7272727272727273,1,0.7395
9209,QSARGNEAIKK,3,0.7272727272727273,1,0.5777
9213,QSALGNEAICK,3,0.7272727272727273,1,0.8835
9217,QSALGNEAIGK,3,0.7272727272727273,1,0.5554
9221,QSALGNEAILK,3,0.7272727272727273,1,0.5971
9224,QSALGNEAIKC,3,0.7272727272727273,1,0.9545
9225,QSALGNEAIKK,3,0.7272727272727273,1,0.9055
9226,QSALGNEAIKA,3,0.7272727272727273,1,0.6235
9240,QSAKGNEAIKC,3,0.7272727272727273,1,0.6973
