,peptide,mutations,similarity,y_pred,y_prob
60,RVCFSPGWG,2,0.7777777777777778,1,0.888
63,RVVFSPGWG,2,0.7777777777777778,1,0.5597
76,RVNCSPGWG,2,0.7777777777777778,1,0.5066
79,RVNKSPGWG,2,0.7777777777777778,1,0.9047
95,RVNFRPGWG,2,0.7777777777777778,1,0.7423
110,RVNFSLGWG,2,0.7777777777777778,1,0.8163
111,RVNFSKGWG,2,0.7777777777777778,1,0.96
125,RVNFSPKWG,2,0.7777777777777778,1,0.9772
156,RVNFSPGWC,2,0.7777777777777778,1,0.5087
158,RVNFSPGWK,2,0.7777777777777778,1,0.8741
295,QVCFRPGWG,2,0.7777777777777778,1,0.8951
311,QVCFSKGWG,2,0.7777777777777778,1,0.6349
