,peptide,mutations,similarity,y_pred,y_prob
291,RPVKFDPFR,2,0.7777777777777778,1,0.5925
310,RPCGFLPFR,2,0.7777777777777778,1,0.76
323,RPVGFKPFR,2,0.7777777777777778,1,0.7639
337,RPVGFDKFR,2,0.7777777777777778,1,0.6044
402,RPPKFLPFR,2,0.7777777777777778,1,0.6735
525,RPPGFLKFR,2,0.7777777777777778,1,0.9104
