,peptide,mutations,similarity,y_pred,y_prob
175,RKVGFTPFR,2,0.7777777777777778,1,0.738
187,RRPKFTPFR,2,0.7777777777777778,1,0.9457
190,RKPLFTPFR,2,0.7777777777777778,1,0.6728
195,RLPKFTPFR,2,0.7777777777777778,1,0.8154
233,RRPGFTKFR,2,0.7777777777777778,1,0.9216
237,RKPGFTKFR,2,0.7777777777777778,1,0.5198
241,RLPGFTKFR,2,0.7777777777777778,1,0.7581
279,RPCKFTPFR,2,0.7777777777777778,1,0.7836
291,RPVKFTPFR,2,0.7777777777777778,1,0.9786
310,RPCGFLPFR,2,0.7777777777777778,1,0.76
323,RPVGFKPFR,2,0.7777777777777778,1,0.7639
325,RPCGFTKFR,2,0.7777777777777778,1,0.8441
333,RPLGFTKFR,2,0.7777777777777778,1,0.5659
337,RPVGFTKFR,2,0.7777777777777778,1,0.9641
355,RPVGFTPKR,2,0.7777777777777778,1,0.5941
370,RPVGFTPFK,2,0.7777777777777778,1,0.6108
402,RPPKFLPFR,2,0.7777777777777778,1,0.6735
405,RPPCFTKFR,2,0.7777777777777778,1,0.8499
409,RPPRFTKFR,2,0.7777777777777778,1,0.6335
413,RPPLFTKFR,2,0.7777777777777778,1,0.9206
417,RPPKFTKFR,2,0.7777777777777778,1,0.8997
419,RPPKFTLFR,2,0.7777777777777778,1,0.6989
477,RPPGLTKFR,2,0.7777777777777778,1,0.8082
525,RPPGFLKFR,2,0.7777777777777778,1,0.9104
570,RPPGFTKLR,2,0.7777777777777778,1,0.5658
