,peptide,mutations,similarity,y_pred,y_prob
14808,SAIDCNKDTCDSE,3,0.7692307692307692,1,0.5243
14811,SAIDCNKDTKDSE,3,0.7692307692307692,1,0.6746
14824,SAIDGNKDTCDSE,3,0.7692307692307692,1,0.9014
14825,SAIDGNKDTGDSE,3,0.7692307692307692,1,0.5078
14826,SAIDGNKDTLDSE,3,0.7692307692307692,1,0.6724
14827,SAIDGNKDTKDSE,3,0.7692307692307692,1,0.936
14835,SAIDGNLDTKDSE,3,0.7692307692307692,1,0.7636
14840,SAIDLNKDTCDSE,3,0.7692307692307692,1,0.9166
14841,SAIDLNKDTGDSE,3,0.7692307692307692,1,0.5685
14842,SAIDLNKDTLDSE,3,0.7692307692307692,1,0.7226
14843,SAIDLNKDTKDSE,3,0.7692307692307692,1,0.9586
14847,SAIDLNGDTKDSE,3,0.7692307692307692,1,0.5014
14851,SAIDLNLDTKDSE,3,0.7692307692307692,1,0.8242
14855,SAIDRNCDTKDSE,3,0.7692307692307692,1,0.5731
14856,SAIDRNKDTCDSE,3,0.7692307692307692,1,0.9426
14857,SAIDRNKDTGDSE,3,0.7692307692307692,1,0.6595
14858,SAIDRNKDTLDSE,3,0.7692307692307692,1,0.7833
14859,SAIDRNKDTKDSE,3,0.7692307692307692,1,0.9606
14863,SAIDRNGDTKDSE,3,0.7692307692307692,1,0.5869
14864,SAIDRNLDTCDSE,3,0.7692307692307692,1,0.5039
14867,SAIDRNLDTKDSE,3,0.7692307692307692,1,0.8763
