,peptide,mutations,similarity,y_pred,y_prob
69,CGKRTFIRF,2,0.7777777777777778,1,0.7497
70,CGKLTFIRF,2,0.7777777777777778,1,0.9179
74,GGKLTFIRF,2,0.7777777777777778,1,0.5808
76,RGKCTFIRF,2,0.7777777777777778,1,0.8937
77,RGKRTFIRF,2,0.7777777777777778,1,0.8564
78,RGKLTFIRF,2,0.7777777777777778,1,0.9814
79,RGKKTFIRF,2,0.7777777777777778,1,0.8613
81,LGKRTFIRF,2,0.7777777777777778,1,0.5393
82,LGKLTFIRF,2,0.7777777777777778,1,0.8406
182,SCKLTFIRF,2,0.7777777777777778,1,0.8433
184,SRKCTFIRF,2,0.7777777777777778,1,0.9849
185,SRKRTFIRF,2,0.7777777777777778,1,0.9704
186,SRKLTFIRF,2,0.7777777777777778,1,0.9957
187,SRKKTFIRF,2,0.7777777777777778,1,0.9783
188,SKKCTFIRF,2,0.7777777777777778,1,0.8243
189,SKKRTFIRF,2,0.7777777777777778,1,0.7845
190,SKKLTFIRF,2,0.7777777777777778,1,0.9681
191,SKKKTFIRF,2,0.7777777777777778,1,0.7053
192,SLKCTFIRF,2,0.7777777777777778,1,0.952
193,SLKRTFIRF,2,0.7777777777777778,1,0.9439
194,SLKLTFIRF,2,0.7777777777777778,1,0.9864
195,SLKKTFIRF,2,0.7777777777777778,1,0.9434
390,SGKCTLIRF,2,0.7777777777777778,1,0.9268
394,SGKRTLIRF,2,0.7777777777777778,1,0.9297
396,SGKLTCIRF,2,0.7777777777777778,1,0.6844
397,SGKLTGIRF,2,0.7777777777777778,1,0.5286
398,SGKLTLIRF,2,0.7777777777777778,1,0.9841
399,SGKLTKIRF,2,0.7777777777777778,1,0.7977
402,SGKKTLIRF,2,0.7777777777777778,1,0.9362
444,SGKLTFIRC,2,0.7777777777777778,1,0.8531
445,SGKLTFIRL,2,0.7777777777777778,1,0.535
446,SGKLTFIRK,2,0.7777777777777778,1,0.8749
447,SGKLTFIRG,2,0.7777777777777778,1,0.7109
