,peptide,mutations,similarity,y_pred,y_prob
37,CRPGFMGVR,2,0.7777777777777778,1,0.6387
45,RRPGFMGVR,2,0.7777777777777778,1,0.5599
46,RKPGFMGVR,2,0.7777777777777778,1,0.53
54,CGLGFMGVR,2,0.7777777777777778,1,0.6649
55,CGVGFMGVR,2,0.7777777777777778,1,0.7557
60,RGCGFMGVR,2,0.7777777777777778,1,0.9959
61,RGGGFMGVR,2,0.7777777777777778,1,0.913
62,RGLGFMGVR,2,0.7777777777777778,1,0.8825
63,RGVGFMGVR,2,0.7777777777777778,1,0.9342
64,LGCGFMGVR,2,0.7777777777777778,1,0.8988
92,RGPGCMGVR,2,0.7777777777777778,1,0.5468
125,RGPGFMKVR,2,0.7777777777777778,1,0.6037
172,SKCGFMGVR,2,0.7777777777777778,1,0.7551
175,SKVGFMGVR,2,0.7777777777777778,1,0.5645
