,peptide,mutations,similarity,y_pred,y_prob
52,CQCSMRLRF,2,0.7777777777777778,1,0.7317
54,CQLSMRLRF,2,0.7777777777777778,1,0.5672
60,RQCSMRLRF,2,0.7777777777777778,1,0.8897
70,CQPLMRLRF,2,0.7777777777777778,1,0.5625
71,CQPKMRLRF,2,0.7777777777777778,1,0.5955
76,RQPCMRLRF,2,0.7777777777777778,1,0.8648
79,RQPKMRLRF,2,0.7777777777777778,1,0.8266
150,CQPSMRLRK,2,0.7777777777777778,1,0.9686
154,GQPSMRLRK,2,0.7777777777777778,1,0.6578
156,RQPSMRLRC,2,0.7777777777777778,1,0.5322
158,RQPSMRLRK,2,0.7777777777777778,1,0.9706
162,LQPSMRLRK,2,0.7777777777777778,1,0.6801
172,SKCSMRLRF,2,0.7777777777777778,1,0.8636
266,SRPSMRLRK,2,0.7777777777777778,1,0.63
279,SQCKMRLRF,2,0.7777777777777778,1,0.9702
287,SQLKMRLRF,2,0.7777777777777778,1,0.5442
291,SQVKMRLRF,2,0.7777777777777778,1,0.5438
292,SQCSCRLRF,2,0.7777777777777778,1,0.7898
293,SQCSGRLRF,2,0.7777777777777778,1,0.8422
294,SQCSLRLRF,2,0.7777777777777778,1,0.8345
295,SQCSRRLRF,2,0.7777777777777778,1,0.8858
311,SQCSMKLRF,2,0.7777777777777778,1,0.9252
325,SQCSMRKRF,2,0.7777777777777778,1,0.9845
333,SQLSMRKRF,2,0.7777777777777778,1,0.6087
337,SQVSMRKRF,2,0.7777777777777778,1,0.7092
343,SQCSMRLKF,2,0.7777777777777778,1,0.9612
356,SQCSMRLRC,2,0.7777777777777778,1,0.9826
357,SQCSMRLRL,2,0.7777777777777778,1,0.9578
358,SQCSMRLRK,2,0.7777777777777778,1,0.9999
359,SQCSMRLRG,2,0.7777777777777778,1,0.9784
360,SQGSMRLRC,2,0.7777777777777778,1,0.8839
362,SQGSMRLRK,2,0.7777777777777778,1,0.9963
363,SQGSMRLRG,2,0.7777777777777778,1,0.5175
364,SQLSMRLRC,2,0.7777777777777778,1,0.9053
366,SQLSMRLRK,2,0.7777777777777778,1,0.997
368,SQVSMRLRC,2,0.7777777777777778,1,0.8709
370,SQVSMRLRK,2,0.7777777777777778,1,0.9962
438,SQPCMRLRK,2,0.7777777777777778,1,0.6594
446,SQPLMRLRK,2,0.7777777777777778,1,0.5054
448,SQPKMRLRC,2,0.7777777777777778,1,0.6685
450,SQPKMRLRK,2,0.7777777777777778,1,0.6015
502,SQPSCRLRK,2,0.7777777777777778,1,0.8882
506,SQPSGRLRK,2,0.7777777777777778,1,0.9023
510,SQPSLRLRK,2,0.7777777777777778,1,0.973
514,SQPSRRLRK,2,0.7777777777777778,1,0.9715
558,SQPSMLLRK,2,0.7777777777777778,1,0.5013
584,SQPSMRKRC,2,0.7777777777777778,1,0.7173
586,SQPSMRKRK,2,0.7777777777777778,1,0.7225
