,peptide,mutations,similarity,y_pred,y_prob
71,CVQKNFIRF,2,0.7777777777777778,1,0.5933
76,RVQCNFIRF,2,0.7777777777777778,1,0.6407
79,RVQKNFIRF,2,0.7777777777777778,1,0.8917
187,SRQKNFIRF,2,0.7777777777777778,1,0.605
276,SVCCNFIRF,2,0.7777777777777778,1,0.5751
277,SVCRNFIRF,2,0.7777777777777778,1,0.7429
278,SVCLNFIRF,2,0.7777777777777778,1,0.7957
279,SVCKNFIRF,2,0.7777777777777778,1,0.9758
287,SVLKNFIRF,2,0.7777777777777778,1,0.8579
291,SVVKNFIRF,2,0.7777777777777778,1,0.9089
387,SVQKRFIRF,2,0.7777777777777778,1,0.5813
391,SVQCNKIRF,2,0.7777777777777778,1,0.6662
402,SVQKNLIRF,2,0.7777777777777778,1,0.7662
403,SVQKNKIRF,2,0.7777777777777778,1,0.6092
405,SVQCNFKRF,2,0.7777777777777778,1,0.5373
417,SVQKNFKRF,2,0.7777777777777778,1,0.5854
438,SVQCNFIRK,2,0.7777777777777778,1,0.8567
442,SVQRNFIRK,2,0.7777777777777778,1,0.7682
446,SVQLNFIRK,2,0.7777777777777778,1,0.7551
448,SVQKNFIRC,2,0.7777777777777778,1,0.8321
450,SVQKNFIRK,2,0.7777777777777778,1,0.8258
451,SVQKNFIRG,2,0.7777777777777778,1,0.5445
558,SVQDNLIRK,2,0.7777777777777778,1,0.548
