,peptide,mutations,similarity,y_pred,y_prob
47,CHVFMRF,2,0.7142857142857143,1,0.5303
52,RHCFMRF,2,0.7142857142857143,1,0.9821
55,RHVFMRF,2,0.7142857142857143,1,0.6038
56,LHCFMRF,2,0.7142857142857143,1,0.5499
132,TKCFMRF,2,0.7142857142857143,1,0.5478
207,THCKMRF,2,0.7142857142857143,1,0.6826
253,THCFMRK,2,0.7142857142857143,1,0.7653
