,peptide,mutations,similarity,y_pred,y_prob
204,TKQQCFMRF,2,0.7777777777777778,1,0.6386
205,TKQQGFMRF,2,0.7777777777777778,1,0.721
206,TKQQLFMRF,2,0.7777777777777778,1,0.5819
207,TKQQRFMRF,2,0.7777777777777778,1,0.8736
