,peptide,mutations,similarity,y_pred,y_prob
38,CKTAFYGVR,2,0.7777777777777778,1,0.7276
46,RKTAFYGVR,2,0.7777777777777778,1,0.8806
79,RPTKFYGVR,2,0.7777777777777778,1,0.5681
125,RPTAFYKVR,2,0.7777777777777778,1,0.8138
172,TKCAFYGVR,2,0.7777777777777778,1,0.9524
174,TKLAFYGVR,2,0.7777777777777778,1,0.6662
175,TKVAFYGVR,2,0.7777777777777778,1,0.9404
187,TRTKFYGVR,2,0.7777777777777778,1,0.9354
188,TKTCFYGVR,2,0.7777777777777778,1,0.6423
190,TKTLFYGVR,2,0.7777777777777778,1,0.6149
191,TKTKFYGVR,2,0.7777777777777778,1,0.732
195,TLTKFYGVR,2,0.7777777777777778,1,0.7605
204,TKTACYGVR,2,0.7777777777777778,1,0.893
205,TKTAGYGVR,2,0.7777777777777778,1,0.7274
206,TKTALYGVR,2,0.7777777777777778,1,0.886
207,TKTARYGVR,2,0.7777777777777778,1,0.9349
219,TRTAFKGVR,2,0.7777777777777778,1,0.7499
222,TKTAFLGVR,2,0.7777777777777778,1,0.7922
227,TLTAFKGVR,2,0.7777777777777778,1,0.5339
229,TCTAFYKVR,2,0.7777777777777778,1,0.6381
233,TRTAFYKVR,2,0.7777777777777778,1,0.9908
236,TKTAFYCVR,2,0.7777777777777778,1,0.5856
237,TKTAFYKVR,2,0.7777777777777778,1,0.9839
239,TKTAFYLVR,2,0.7777777777777778,1,0.8845
241,TLTAFYKVR,2,0.7777777777777778,1,0.9671
266,TRTAFYGVK,2,0.7777777777777778,1,0.8317
279,TPCKFYGVR,2,0.7777777777777778,1,0.5328
291,TPVKFYGVR,2,0.7777777777777778,1,0.6579
325,TPCAFYKVR,2,0.7777777777777778,1,0.7631
337,TPVAFYKVR,2,0.7777777777777778,1,0.775
405,TPTCFYKVR,2,0.7777777777777778,1,0.5066
417,TPTKFYKVR,2,0.7777777777777778,1,0.7852
481,TPTARYKVR,2,0.7777777777777778,1,0.5904
