,peptide,mutations,similarity,y_pred,y_prob
187,VRPKFTPFR,2,0.7777777777777778,1,0.9798
188,VKPCFTPFR,2,0.7777777777777778,1,0.5244
190,VKPLFTPFR,2,0.7777777777777778,1,0.7066
191,VKPKFTPFR,2,0.7777777777777778,1,0.694
195,VLPKFTPFR,2,0.7777777777777778,1,0.8719
219,VRPGFKPFR,2,0.7777777777777778,1,0.8047
233,VRPGFTKFR,2,0.7777777777777778,1,0.9739
237,VKPGFTKFR,2,0.7777777777777778,1,0.8253
241,VLPGFTKFR,2,0.7777777777777778,1,0.8498
251,VRPGFTPKR,2,0.7777777777777778,1,0.6847
266,VRPGFTPFK,2,0.7777777777777778,1,0.6714
279,VPCKFTPFR,2,0.7777777777777778,1,0.865
287,VPLKFTPFR,2,0.7777777777777778,1,0.5902
291,VPVKFTPFR,2,0.7777777777777778,1,0.7621
325,VPCGFTKFR,2,0.7777777777777778,1,0.873
333,VPLGFTKFR,2,0.7777777777777778,1,0.6222
337,VPVGFTKFR,2,0.7777777777777778,1,0.8248
386,VPPKLTPFR,2,0.7777777777777778,1,0.7485
387,VPPKRTPFR,2,0.7777777777777778,1,0.8572
391,VPPCFKPFR,2,0.7777777777777778,1,0.573
395,VPPRFKPFR,2,0.7777777777777778,1,0.5678
399,VPPLFKPFR,2,0.7777777777777778,1,0.6802
402,VPPKFLPFR,2,0.7777777777777778,1,0.8947
403,VPPKFKPFR,2,0.7777777777777778,1,0.6984
405,VPPCFTKFR,2,0.7777777777777778,1,0.9654
409,VPPRFTKFR,2,0.7777777777777778,1,0.9443
413,VPPLFTKFR,2,0.7777777777777778,1,0.975
416,VPPKFTCFR,2,0.7777777777777778,1,0.5734
417,VPPKFTKFR,2,0.7777777777777778,1,0.9871
418,VPPKFTGFR,2,0.7777777777777778,1,0.616
419,VPPKFTLFR,2,0.7777777777777778,1,0.9236
423,VPPCFTPKR,2,0.7777777777777778,1,0.5191
431,VPPLFTPKR,2,0.7777777777777778,1,0.6607
433,VPPKFTPGR,2,0.7777777777777778,1,0.5286
434,VPPKFTPLR,2,0.7777777777777778,1,0.8779
435,VPPKFTPKR,2,0.7777777777777778,1,0.7186
446,VPPLFTPFK,2,0.7777777777777778,1,0.5688
450,VPPKFTPFK,2,0.7777777777777778,1,0.5005
473,VPPGGTKFR,2,0.7777777777777778,1,0.612
477,VPPGLTKFR,2,0.7777777777777778,1,0.7538
481,VPPGRTKFR,2,0.7777777777777778,1,0.8689
499,VPPGRTPKR,2,0.7777777777777778,1,0.5984
525,VPPGFLKFR,2,0.7777777777777778,1,0.9207
529,VPPGFKKFR,2,0.7777777777777778,1,0.8261
569,VPPGFTKGR,2,0.7777777777777778,1,0.6882
570,VPPGFTKLR,2,0.7777777777777778,1,0.8874
571,VPPGFTKKR,2,0.7777777777777778,1,0.8244
586,VPPGFTKFK,2,0.7777777777777778,1,0.685
