,peptide,mutations,similarity,y_pred,y_prob
71,RAFKYPS,2,0.7142857142857143,1,0.7091
147,YRFKYPS,2,0.7142857142857143,1,0.7129
207,YACKYPS,2,0.7142857142857143,1,0.5926
238,YACGYLS,2,0.7142857142857143,1,0.6471
239,YACGYKS,2,0.7142857142857143,1,0.8975
251,YAVGYKS,2,0.7142857142857143,1,0.582
298,YAFKYLS,2,0.7142857142857143,1,0.525
