,peptide,mutations,similarity,y_pred,y_prob
29,CRFHLMD,2,0.7142857142857143,1,0.7194
37,RRFHLMD,2,0.7142857142857143,1,0.5645
38,RKFHLMD,2,0.7142857142857143,1,0.9172
52,RMCHLMD,2,0.7142857142857143,1,0.9258
68,RMFCLMD,2,0.7142857142857143,1,0.5749
71,RMFKLMD,2,0.7142857142857143,1,0.8369
103,RMFHLKD,2,0.7142857142857143,1,0.7718
109,CMFHLMK,2,0.7142857142857143,1,0.9534
110,CMFHLMG,2,0.7142857142857143,1,0.6993
111,CMFHLML,2,0.7142857142857143,1,0.8723
113,GMFHLMK,2,0.7142857142857143,1,0.9033
116,RMFHLMC,2,0.7142857142857143,1,0.9423
117,RMFHLMK,2,0.7142857142857143,1,0.9965
118,RMFHLMG,2,0.7142857142857143,1,0.7916
119,RMFHLML,2,0.7142857142857143,1,0.8888
121,LMFHLMK,2,0.7142857142857143,1,0.9169
128,YRCHLMD,2,0.7142857142857143,1,0.5308
132,YKCHLMD,2,0.7142857142857143,1,0.7401
147,YRFKLMD,2,0.7142857142857143,1,0.5094
193,YRFHLMK,2,0.7142857142857143,1,0.9331
197,YKFHLMK,2,0.7142857142857143,1,0.8138
201,YLFHLMK,2,0.7142857142857143,1,0.6974
253,YMCHLMK,2,0.7142857142857143,1,0.9666
257,YMGHLMK,2,0.7142857142857143,1,0.687
301,YMFCLMK,2,0.7142857142857143,1,0.6724
313,YMFKLMK,2,0.7142857142857143,1,0.6554
333,YMFHCMK,2,0.7142857142857143,1,0.5391
337,YMFHGMK,2,0.7142857142857143,1,0.626
345,YMFHRMK,2,0.7142857142857143,1,0.6368
357,YMFHLLK,2,0.7142857142857143,1,0.5775
361,YMFHLKK,2,0.7142857142857143,1,0.5229
