,peptide,mutations,similarity,y_pred,y_prob
37,CRLRARPRF,2,0.7777777777777778,1,0.9929
38,CKLRARPRF,2,0.7777777777777778,1,0.9623
39,CLLRARPRF,2,0.7777777777777778,1,0.9888
44,RCLRARPRF,2,0.7777777777777778,1,0.8895
45,RRLRARPRF,2,0.7777777777777778,1,0.9439
46,RKLRARPRF,2,0.7777777777777778,1,0.9763
47,RLLRARPRF,2,0.7777777777777778,1,0.9405
48,LCLRARPRF,2,0.7777777777777778,1,0.538
49,LRLRARPRF,2,0.7777777777777778,1,0.7275
50,LKLRARPRF,2,0.7777777777777778,1,0.8538
51,LLLRARPRF,2,0.7777777777777778,1,0.5488
116,CSLRARCRF,2,0.7777777777777778,1,0.9108
117,CSLRARKRF,2,0.7777777777777778,1,0.9998
118,CSLRARGRF,2,0.7777777777777778,1,0.5426
119,CSLRARLRF,2,0.7777777777777778,1,0.9871
124,RSLRARCRF,2,0.7777777777777778,1,0.8011
125,RSLRARKRF,2,0.7777777777777778,1,0.9997
127,RSLRARLRF,2,0.7777777777777778,1,0.9004
128,LSLRARCRF,2,0.7777777777777778,1,0.524
129,LSLRARKRF,2,0.7777777777777778,1,0.999
131,LSLRARLRF,2,0.7777777777777778,1,0.6795
150,CSLRARPRK,2,0.7777777777777778,1,0.9779
158,RSLRARPRK,2,0.7777777777777778,1,0.9765
162,LSLRARPRK,2,0.7777777777777778,1,0.8934
229,YCLRARKRF,2,0.7777777777777778,1,0.7168
233,YRLRARKRF,2,0.7777777777777778,1,0.9827
236,YKLRARCRF,2,0.7777777777777778,1,0.5817
237,YKLRARKRF,2,0.7777777777777778,1,0.9725
239,YKLRARLRF,2,0.7777777777777778,1,0.9086
241,YLLRARKRF,2,0.7777777777777778,1,0.9505
266,YRLRARPRK,2,0.7777777777777778,1,0.9417
268,YKLRARPRC,2,0.7777777777777778,1,0.6738
270,YKLRARPRK,2,0.7777777777777778,1,0.7305
274,YLLRARPRK,2,0.7777777777777778,1,0.8668
325,YSCRARKRF,2,0.7777777777777778,1,0.7333
337,YSVRARKRF,2,0.7777777777777778,1,0.8508
370,YSVRARPRK,2,0.7777777777777778,1,0.5425
405,YSLCARKRF,2,0.7777777777777778,1,0.5911
413,YSLLARKRF,2,0.7777777777777778,1,0.7827
417,YSLKARKRF,2,0.7777777777777778,1,0.8546
469,YSLRCRKRF,2,0.7777777777777778,1,0.5267
477,YSLRLRKRF,2,0.7777777777777778,1,0.7202
481,YSLRRRKRF,2,0.7777777777777778,1,0.6696
525,YSLRALKRF,2,0.7777777777777778,1,0.844
529,YSLRAKKRF,2,0.7777777777777778,1,0.6714
570,YSLRARKLF,2,0.7777777777777778,1,0.6637
571,YSLRARKKF,2,0.7777777777777778,1,0.8552
582,YSLRARCRK,2,0.7777777777777778,1,0.9801
584,YSLRARKRC,2,0.7777777777777778,1,0.9957
585,YSLRARKRL,2,0.7777777777777778,1,0.9841
586,YSLRARKRK,2,0.7777777777777778,1,0.9992
587,YSLRARKRG,2,0.7777777777777778,1,0.9801
590,YSLRARGRK,2,0.7777777777777778,1,0.9659
594,YSLRARLRK,2,0.7777777777777778,1,0.9965
