,peptide,mutations,similarity,y_pred,y_prob
25,YSQVSRKRF,1,0.8888888888888888,1,0.5056
60,RSCVSRPRF,2,0.7777777777777778,1,0.7847
117,CSQVSRKRF,2,0.7777777777777778,1,0.9984
118,CSQVSRGRF,2,0.7777777777777778,1,0.5045
119,CSQVSRLRF,2,0.7777777777777778,1,0.6035
121,GSQVSRKRF,2,0.7777777777777778,1,0.8163
125,RSQVSRKRF,2,0.7777777777777778,1,0.9969
129,LSQVSRKRF,2,0.7777777777777778,1,0.9322
150,CSQVSRPRK,2,0.7777777777777778,1,0.8363
158,RSQVSRPRK,2,0.7777777777777778,1,0.9294
233,YRQVSRKRF,2,0.7777777777777778,1,0.9097
237,YKQVSRKRF,2,0.7777777777777778,1,0.8995
239,YKQVSRLRF,2,0.7777777777777778,1,0.5173
241,YLQVSRKRF,2,0.7777777777777778,1,0.5674
266,YRQVSRPRK,2,0.7777777777777778,1,0.7344
325,YSCVSRKRF,2,0.7777777777777778,1,0.9938
333,YSLVSRKRF,2,0.7777777777777778,1,0.9092
337,YSVVSRKRF,2,0.7777777777777778,1,0.948
358,YSCVSRPRK,2,0.7777777777777778,1,0.963
366,YSLVSRPRK,2,0.7777777777777778,1,0.6687
370,YSVVSRPRK,2,0.7777777777777778,1,0.8301
405,YSQCSRKRF,2,0.7777777777777778,1,0.6204
417,YSQKSRKRF,2,0.7777777777777778,1,0.7258
469,YSQVCRKRF,2,0.7777777777777778,1,0.8209
473,YSQVGRKRF,2,0.7777777777777778,1,0.857
477,YSQVLRKRF,2,0.7777777777777778,1,0.6629
481,YSQVRRKRF,2,0.7777777777777778,1,0.8933
514,YSQVRRPRK,2,0.7777777777777778,1,0.5998
525,YSQVSLKRF,2,0.7777777777777778,1,0.6485
529,YSQVSKKRF,2,0.7777777777777778,1,0.7504
569,YSQVSRKGF,2,0.7777777777777778,1,0.6655
570,YSQVSRKLF,2,0.7777777777777778,1,0.7253
571,YSQVSRKKF,2,0.7777777777777778,1,0.8883
582,YSQVSRCRK,2,0.7777777777777778,1,0.987
584,YSQVSRKRC,2,0.7777777777777778,1,0.9967
585,YSQVSRKRL,2,0.7777777777777778,1,0.9877
586,YSQVSRKRK,2,0.7777777777777778,1,0.9993
587,YSQVSRKRG,2,0.7777777777777778,1,0.9929
590,YSQVSRGRK,2,0.7777777777777778,1,0.9894
592,YSQVSRLRC,2,0.7777777777777778,1,0.6202
594,YSQVSRLRK,2,0.7777777777777778,1,0.9955
