peptide,mutations,similarity,y_pred,y_prob
CHP,1,0.6666666666666667,0,1e-04
GHP,1,0.6666666666666667,0,1e-04
RHP,1,0.6666666666666667,0,0.0104
LHP,1,0.6666666666666667,0,0.001
QCP,1,0.6666666666666667,0,1e-04
QRP,1,0.6666666666666667,0,0.0041
QKP,1,0.6666666666666667,0,0.0003
QLP,1,0.6666666666666667,0,0.0004
QHC,1,0.6666666666666667,1,0.9914
QHG,1,0.6666666666666667,1,0.8501
QHL,1,0.6666666666666667,1,0.9346
QHV,1,0.6666666666666667,0,0.3146
