peptide,mutations,similarity,y_pred,y_prob
CEP,1,0.6666666666666667,0,0.0005
GEP,1,0.6666666666666667,0,0.0017
REP,1,0.6666666666666667,0,0.0195
LEP,1,0.6666666666666667,0,0.0057
GCP,1,0.6666666666666667,0,0.0
GRP,1,0.6666666666666667,0,0.0011
GKP,1,0.6666666666666667,0,1e-04
GLP,1,0.6666666666666667,0,0.0002
GEC,1,0.6666666666666667,0,0.0228
GEG,1,0.6666666666666667,0,0.0263
GEL,1,0.6666666666666667,0,0.0675
GEV,1,0.6666666666666667,0,0.0595
